period_index,event_index,period_type,period_number,attribution,away_points,clock,description,event_type,home_points,possession,type,wall_clock,pbp_source_row,has_wall_clock,event_ts_utc,period_sequence,game_clock_seconds_remaining,game_elapsed_seconds,game_elapsed_minutes,pbp_chronological_index
4,105,quarter,1,502c629b-4da7-40fd-92ab-20cb55411c35,0,12:00,"Warriors lineup change (De'Anthony Melton, Gui Santos, Draymond Green, Moses Moody, Pat Spencer)",lineupchange,0,,basketball_play,1770347551,414,True,2026-02-06 03:12:31+00:00,1,720.0,0.0,0.0,1
4,104,quarter,1,ace11dff-c5d1-4ab9-9452-5312253659fd,0,12:00,"Suns lineup change (Mark Williams, Collin Gillespie, Royce O'Neale, Grayson Allen, Dillon Brooks)",lineupchange,0,,basketball_play,1770347551,413,True,2026-02-06 03:12:31+00:00,1,720.0,0.0,0.0,2
4,103,quarter,1,,0,12:00,Start of 1st Quarter,startperiod,0,,basketball_play,1770347551,412,True,2026-02-06 03:12:31+00:00,1,720.0,0.0,0.0,3
4,102,quarter,1,ace11dff-c5d1-4ab9-9452-5312253659fd,0,12:00,Draymond Green vs. Mark Williams (Collin Gillespie gains possession),opentip,0,ace11dff-c5d1-4ab9-9452-5312253659fd,basketball_play,1770347554,411,True,2026-02-06 03:12:34+00:00,1,720.0,0.0,0.0,4
4,101,quarter,1,ace11dff-c5d1-4ab9-9452-5312253659fd,0,11:40,Grayson Allen misses three point jump shot,threepointmiss,0,,basketball_play,1770347570,410,True,2026-02-06 03:12:50+00:00,1,700.0,20.0,0.3333333333333333,5
4,100,quarter,1,ace11dff-c5d1-4ab9-9452-5312253659fd,0,11:38,Mark Williams offensive rebound,rebound,0,ace11dff-c5d1-4ab9-9452-5312253659fd,basketball_play,1770347572,409,True,2026-02-06 03:12:52+00:00,1,698.0,22.0,0.36666666666666664,6
4,99,quarter,1,ace11dff-c5d1-4ab9-9452-5312253659fd,0,11:37,Mark Williams makes two point putback layup,twopointmade,2,502c629b-4da7-40fd-92ab-20cb55411c35,basketball_play,1770347574,408,True,2026-02-06 03:12:54+00:00,1,697.0,23.0,0.38333333333333336,7
4,98,quarter,1,502c629b-4da7-40fd-92ab-20cb55411c35,3,11:18,Pat Spencer makes three point jump shot (Gui Santos assists),threepointmade,2,ace11dff-c5d1-4ab9-9452-5312253659fd,basketball_play,1770347592,407,True,2026-02-06 03:13:12+00:00,1,678.0,42.0,0.7,8
4,97,quarter,1,,3,11:05,Stoppage (Out of bounds),stoppage,2,,basketball_play,1770347608,406,True,2026-02-06 03:13:28+00:00,1,665.0,55.0,0.9166666666666666,9
4,96,quarter,1,ace11dff-c5d1-4ab9-9452-5312253659fd,3,10:58,Grayson Allen misses three point jump shot,threepointmiss,2,,basketball_play,1770347631,405,True,2026-02-06 03:13:51+00:00,1,658.0,62.0,1.0333333333333334,10
4,95,quarter,1,502c629b-4da7-40fd-92ab-20cb55411c35,3,10:55,De'Anthony Melton defensive rebound,rebound,2,502c629b-4da7-40fd-92ab-20cb55411c35,basketball_play,1770347634,404,True,2026-02-06 03:13:54+00:00,1,655.0,65.0,1.0833333333333333,11
4,94,quarter,1,502c629b-4da7-40fd-92ab-20cb55411c35,3,10:49,Pat Spencer misses three point pullup jump shot,threepointmiss,2,,basketball_play,1770347639,403,True,2026-02-06 03:13:59+00:00,1,649.0,71.0,1.1833333333333333,12
4,93,quarter,1,ace11dff-c5d1-4ab9-9452-5312253659fd,3,10:47,Mark Williams defensive rebound,rebound,2,ace11dff-c5d1-4ab9-9452-5312253659fd,basketball_play,1770347641,402,True,2026-02-06 03:14:01+00:00,1,647.0,73.0,1.2166666666666666,13
4,92,quarter,1,ace11dff-c5d1-4ab9-9452-5312253659fd,3,10:34,Dillon Brooks makes two point turnaround fadeaway jump shot,twopointmade,4,502c629b-4da7-40fd-92ab-20cb55411c35,basketball_play,1770347654,401,True,2026-02-06 03:14:14+00:00,1,634.0,86.0,1.4333333333333333,14
4,91,quarter,1,502c629b-4da7-40fd-92ab-20cb55411c35,3,10:20,Pat Spencer misses three point jump shot,threepointmiss,4,,basketball_play,1770347668,400,True,2026-02-06 03:14:28+00:00,1,620.0,100.0,1.6666666666666667,15
4,90,quarter,1,ace11dff-c5d1-4ab9-9452-5312253659fd,3,10:17,Mark Williams defensive rebound,rebound,4,ace11dff-c5d1-4ab9-9452-5312253659fd,basketball_play,1770347671,399,True,2026-02-06 03:14:31+00:00,1,617.0,103.0,1.7166666666666666,16
4,89,quarter,1,ace11dff-c5d1-4ab9-9452-5312253659fd,3,10:04,Dillon Brooks makes two point driving finger roll layup,twopointmade,6,502c629b-4da7-40fd-92ab-20cb55411c35,basketball_play,1770347684,398,True,2026-02-06 03:14:44+00:00,1,604.0,116.0,1.9333333333333333,17
4,88,quarter,1,502c629b-4da7-40fd-92ab-20cb55411c35,3,9:45,Moses Moody misses three point jump shot,threepointmiss,6,,basketball_play,1770347703,397,True,2026-02-06 03:15:03+00:00,1,585.0,135.0,2.25,18
4,87,quarter,1,ace11dff-c5d1-4ab9-9452-5312253659fd,3,9:42,Dillon Brooks defensive rebound,rebound,6,ace11dff-c5d1-4ab9-9452-5312253659fd,basketball_play,1770347706,396,True,2026-02-06 03:15:06+00:00,1,582.0,138.0,2.3,19
4,86,quarter,1,ace11dff-c5d1-4ab9-9452-5312253659fd,3,9:34,Dillon Brooks misses two point pullup jump shot,twopointmiss,6,,basketball_play,1770347714,395,True,2026-02-06 03:15:14+00:00,1,574.0,146.0,2.433333333333333,20
4,85,quarter,1,ace11dff-c5d1-4ab9-9452-5312253659fd,3,9:30,Grayson Allen offensive rebound,rebound,6,ace11dff-c5d1-4ab9-9452-5312253659fd,basketball_play,1770347718,394,True,2026-02-06 03:15:18+00:00,1,570.0,150.0,2.5,21
4,84,quarter,1,ace11dff-c5d1-4ab9-9452-5312253659fd,3,9:19,Dillon Brooks misses two point driving layup,twopointmiss,6,,basketball_play,1770347729,393,True,2026-02-06 03:15:29+00:00,1,559.0,161.0,2.683333333333333,22
4,83,quarter,1,502c629b-4da7-40fd-92ab-20cb55411c35,3,9:16,Gui Santos defensive rebound,rebound,6,502c629b-4da7-40fd-92ab-20cb55411c35,basketball_play,1770347732,392,True,2026-02-06 03:15:32+00:00,1,556.0,164.0,2.7333333333333334,23
4,82,quarter,1,502c629b-4da7-40fd-92ab-20cb55411c35,6,9:13,De'Anthony Melton makes three point running jump shot (Pat Spencer assists),threepointmade,6,ace11dff-c5d1-4ab9-9452-5312253659fd,basketball_play,1770347735,391,True,2026-02-06 03:15:35+00:00,1,553.0,167.0,2.783333333333333,24
4,81,quarter,1,ace11dff-c5d1-4ab9-9452-5312253659fd,6,8:59,Collin Gillespie misses three point pullup jump shot,threepointmiss,6,,basketball_play,1770347749,390,True,2026-02-06 03:15:49+00:00,1,539.0,181.0,3.0166666666666666,25
4,80,quarter,1,ace11dff-c5d1-4ab9-9452-5312253659fd,6,8:57,Dillon Brooks offensive rebound,rebound,6,ace11dff-c5d1-4ab9-9452-5312253659fd,basketball_play,1770347751,389,True,2026-02-06 03:15:51+00:00,1,537.0,183.0,3.05,26
4,79,quarter,1,ace11dff-c5d1-4ab9-9452-5312253659fd,6,8:54,Dillon Brooks turnover (bad pass) (De'Anthony Melton steals),turnover,6,502c629b-4da7-40fd-92ab-20cb55411c35,basketball_play,1770347754,388,True,2026-02-06 03:15:54+00:00,1,534.0,186.0,3.1,27
4,78,quarter,1,502c629b-4da7-40fd-92ab-20cb55411c35,6,8:46,Draymond Green misses three point jump shot,threepointmiss,6,,basketball_play,1770347763,387,True,2026-02-06 03:16:03+00:00,1,526.0,194.0,3.2333333333333334,28
4,77,quarter,1,ace11dff-c5d1-4ab9-9452-5312253659fd,6,8:43,Mark Williams defensive rebound,rebound,6,ace11dff-c5d1-4ab9-9452-5312253659fd,basketball_play,1770347766,386,True,2026-02-06 03:16:06+00:00,1,523.0,197.0,3.283333333333333,29
4,76,quarter,1,,6,8:34,Stoppage (Out of bounds),stoppage,6,,basketball_play,1770347777,385,True,2026-02-06 03:16:17+00:00,1,514.0,206.0,3.433333333333333,30
4,75,quarter,1,ace11dff-c5d1-4ab9-9452-5312253659fd,6,8:28,Royce O'Neale misses three point jump shot,threepointmiss,6,,basketball_play,1770347798,384,True,2026-02-06 03:16:38+00:00,1,508.0,212.0,3.533333333333333,31
4,74,quarter,1,ace11dff-c5d1-4ab9-9452-5312253659fd,6,8:26,Collin Gillespie offensive rebound,rebound,6,ace11dff-c5d1-4ab9-9452-5312253659fd,basketball_play,1770347800,383,True,2026-02-06 03:16:40+00:00,1,506.0,214.0,3.566666666666667,32
4,73,quarter,1,ace11dff-c5d1-4ab9-9452-5312253659fd,6,8:21,Royce O'Neale makes three point jump shot (Collin Gillespie assists),threepointmade,9,502c629b-4da7-40fd-92ab-20cb55411c35,basketball_play,1770347805,382,True,2026-02-06 03:16:45+00:00,1,501.0,219.0,3.65,33
4,72,quarter,1,502c629b-4da7-40fd-92ab-20cb55411c35,9,8:09,Moses Moody makes three point jump shot (Draymond Green assists),threepointmade,9,ace11dff-c5d1-4ab9-9452-5312253659fd,basketball_play,1770347816,381,True,2026-02-06 03:16:56+00:00,1,489.0,231.0,3.85,34
4,71,quarter,1,ace11dff-c5d1-4ab9-9452-5312253659fd,9,7:54,Dillon Brooks turnover (bad pass) (Gui Santos steals),turnover,9,502c629b-4da7-40fd-92ab-20cb55411c35,basketball_play,1770347832,380,True,2026-02-06 03:17:12+00:00,1,474.0,246.0,4.1,35
4,70,quarter,1,502c629b-4da7-40fd-92ab-20cb55411c35,12,7:49,Pat Spencer makes three point running pullup jump shot (Gui Santos assists),threepointmade,9,ace11dff-c5d1-4ab9-9452-5312253659fd,basketball_play,1770347838,379,True,2026-02-06 03:17:18+00:00,1,469.0,251.0,4.183333333333334,36
4,69,quarter,1,ace11dff-c5d1-4ab9-9452-5312253659fd,12,7:47,Suns 60 second timeout,teamtimeout,9,,basketball_play,1770347843,378,True,2026-02-06 03:17:23+00:00,1,467.0,253.0,4.216666666666667,37
4,68,quarter,1,502c629b-4da7-40fd-92ab-20cb55411c35,12,7:47,"Warriors lineup change (De'Anthony Melton, Draymond Green, Moses Moody, Gary Payton II, Pat Spencer)",lineupchange,9,,basketball_play,1770348055,377,True,2026-02-06 03:20:55+00:00,1,467.0,253.0,4.216666666666667,38
4,67,quarter,1,ace11dff-c5d1-4ab9-9452-5312253659fd,12,7:32,Mark Williams makes two point cutting layup (Grayson Allen assists),twopointmade,11,502c629b-4da7-40fd-92ab-20cb55411c35,basketball_play,1770348055,376,True,2026-02-06 03:20:55+00:00,1,452.0,268.0,4.466666666666667,39
4,66,quarter,1,502c629b-4da7-40fd-92ab-20cb55411c35,14,7:20,De'Anthony Melton makes two point pullup jump shot,twopointmade,11,ace11dff-c5d1-4ab9-9452-5312253659fd,basketball_play,1770348067,375,True,2026-02-06 03:21:07+00:00,1,440.0,280.0,4.666666666666667,40
4,65,quarter,1,502c629b-4da7-40fd-92ab-20cb55411c35,14,7:10,Moses Moody personal foul (Dillon Brooks draws the foul),personalfoul,11,ace11dff-c5d1-4ab9-9452-5312253659fd,basketball_play,1770348080,374,True,2026-02-06 03:21:20+00:00,1,430.0,290.0,4.833333333333333,41
4,64,quarter,1,ace11dff-c5d1-4ab9-9452-5312253659fd,14,6:54,Royce O'Neale misses three point pullup jump shot,threepointmiss,11,,basketball_play,1770348119,373,True,2026-02-06 03:21:59+00:00,1,414.0,306.0,5.1,42
4,63,quarter,1,ace11dff-c5d1-4ab9-9452-5312253659fd,14,6:52,Collin Gillespie offensive rebound,rebound,11,ace11dff-c5d1-4ab9-9452-5312253659fd,basketball_play,1770348121,372,True,2026-02-06 03:22:01+00:00,1,412.0,308.0,5.133333333333334,43
4,62,quarter,1,ace11dff-c5d1-4ab9-9452-5312253659fd,14,6:47,Grayson Allen makes three point jump shot (Collin Gillespie assists),threepointmade,14,502c629b-4da7-40fd-92ab-20cb55411c35,basketball_play,1770348125,371,True,2026-02-06 03:22:05+00:00,1,407.0,313.0,5.216666666666667,44
4,61,quarter,1,502c629b-4da7-40fd-92ab-20cb55411c35,14,6:40,De'Anthony Melton turnover (out of bounds lost ball),turnover,14,ace11dff-c5d1-4ab9-9452-5312253659fd,basketball_play,1770348135,370,True,2026-02-06 03:22:15+00:00,1,400.0,320.0,5.333333333333333,45
4,60,quarter,1,502c629b-4da7-40fd-92ab-20cb55411c35,14,6:40,"Warriors lineup change (Brandin Podziemski, De'Anthony Melton, Draymond Green, Moses Moody, Gary Payton II)",lineupchange,14,,basketball_play,1770348140,369,True,2026-02-06 03:22:20+00:00,1,400.0,320.0,5.333333333333333,46
4,59,quarter,1,ace11dff-c5d1-4ab9-9452-5312253659fd,14,6:40,"Suns lineup change (Mark Williams, Royce O'Neale, Grayson Allen, Dillon Brooks, Jordan Goodwin)",lineupchange,14,,basketball_play,1770348140,368,True,2026-02-06 03:22:20+00:00,1,400.0,320.0,5.333333333333333,47
4,58,quarter,1,502c629b-4da7-40fd-92ab-20cb55411c35,14,6:40,"Warriors lineup change (Brandin Podziemski, De'Anthony Melton, Al Horford, Draymond Green, Gary Payton II)",lineupchange,14,,basketball_play,1770348169,367,True,2026-02-06 03:22:49+00:00,1,400.0,320.0,5.333333333333333,48
4,57,quarter,1,ace11dff-c5d1-4ab9-9452-5312253659fd,14,6:23,Mark Williams makes two point alley-oop dunk (Royce O'Neale assists),twopointmade,16,502c629b-4da7-40fd-92ab-20cb55411c35,basketball_play,1770348169,366,True,2026-02-06 03:22:49+00:00,1,383.0,337.0,5.616666666666666,49
4,56,quarter,1,502c629b-4da7-40fd-92ab-20cb55411c35,14,6:13,De'Anthony Melton misses three point pullup jump shot,threepointmiss,16,,basketball_play,1770348178,365,True,2026-02-06 03:22:58+00:00,1,373.0,347.0,5.783333333333333,50
4,55,quarter,1,ace11dff-c5d1-4ab9-9452-5312253659fd,14,6:11,Mark Williams defensive rebound,rebound,16,ace11dff-c5d1-4ab9-9452-5312253659fd,basketball_play,1770348180,364,True,2026-02-06 03:23:00+00:00,1,371.0,349.0,5.816666666666666,51
4,54,quarter,1,ace11dff-c5d1-4ab9-9452-5312253659fd,14,6:06,Grayson Allen makes three point running jump shot (Royce O'Neale assists),threepointmade,19,502c629b-4da7-40fd-92ab-20cb55411c35,basketball_play,1770348186,363,True,2026-02-06 03:23:06+00:00,1,366.0,354.0,5.9,52
4,53,quarter,1,502c629b-4da7-40fd-92ab-20cb55411c35,14,6:05,Warriors 60 second timeout,teamtimeout,19,,basketball_play,1770348191,362,True,2026-02-06 03:23:11+00:00,1,365.0,355.0,5.916666666666667,53
4,52,quarter,1,502c629b-4da7-40fd-92ab-20cb55411c35,14,6:05,"Warriors lineup change (Brandin Podziemski, Gui Santos, Al Horford, Will Richard, Gary Payton II)",lineupchange,19,,basketball_play,1770348293,361,True,2026-02-06 03:24:53+00:00,1,365.0,355.0,5.916666666666667,54
4,51,quarter,1,502c629b-4da7-40fd-92ab-20cb55411c35,17,5:51,Gui Santos makes three point jump shot (Will Richard assists),threepointmade,19,ace11dff-c5d1-4ab9-9452-5312253659fd,basketball_play,1770348412,360,True,2026-02-06 03:26:52+00:00,1,351.0,369.0,6.15,55
4,50,quarter,1,ace11dff-c5d1-4ab9-9452-5312253659fd,17,5:31,Gui Santos blocks Dillon Brooks's two point turnaround fadeaway jump shot,twopointmiss,19,,basketball_play,1770348431,359,True,2026-02-06 03:27:11+00:00,1,331.0,389.0,6.483333333333333,56
4,49,quarter,1,502c629b-4da7-40fd-92ab-20cb55411c35,17,5:28,Gui Santos defensive rebound,rebound,19,502c629b-4da7-40fd-92ab-20cb55411c35,basketball_play,1770348434,358,True,2026-02-06 03:27:14+00:00,1,328.0,392.0,6.533333333333333,57
4,48,quarter,1,502c629b-4da7-40fd-92ab-20cb55411c35,17,5:21,Al Horford misses three point jump shot,threepointmiss,19,,basketball_play,1770348442,357,True,2026-02-06 03:27:22+00:00,1,321.0,399.0,6.65,58
4,47,quarter,1,ace11dff-c5d1-4ab9-9452-5312253659fd,17,5:19,Dillon Brooks defensive rebound,rebound,19,ace11dff-c5d1-4ab9-9452-5312253659fd,basketball_play,1770348444,356,True,2026-02-06 03:27:24+00:00,1,319.0,401.0,6.683333333333334,59
4,46,quarter,1,502c629b-4da7-40fd-92ab-20cb55411c35,17,5:04,Will Richard shooting foul (Grayson Allen draws the foul),shootingfoul,19,ace11dff-c5d1-4ab9-9452-5312253659fd,basketball_play,1770348459,355,True,2026-02-06 03:27:39+00:00,1,304.0,416.0,6.933333333333334,60
4,45,quarter,1,ace11dff-c5d1-4ab9-9452-5312253659fd,17,5:04,Grayson Allen makes regular free throw 1 of 2,freethrowmade,20,ace11dff-c5d1-4ab9-9452-5312253659fd,basketball_play,1770348486,354,True,2026-02-06 03:28:06+00:00,1,304.0,416.0,6.933333333333334,61
4,44,quarter,1,ace11dff-c5d1-4ab9-9452-5312253659fd,17,5:04,Grayson Allen makes regular free throw 2 of 2,freethrowmade,21,502c629b-4da7-40fd-92ab-20cb55411c35,basketball_play,1770348511,353,True,2026-02-06 03:28:31+00:00,1,304.0,416.0,6.933333333333334,62
4,43,quarter,1,502c629b-4da7-40fd-92ab-20cb55411c35,17,4:48,Brandin Podziemski misses three point jump shot,threepointmiss,21,,basketball_play,1770348529,352,True,2026-02-06 03:28:49+00:00,1,288.0,432.0,7.2,63
4,42,quarter,1,502c629b-4da7-40fd-92ab-20cb55411c35,17,4:44,Will Richard offensive rebound,rebound,21,502c629b-4da7-40fd-92ab-20cb55411c35,basketball_play,1770348533,351,True,2026-02-06 03:28:53+00:00,1,284.0,436.0,7.266666666666667,64
4,41,quarter,1,502c629b-4da7-40fd-92ab-20cb55411c35,17,4:40,Brandin Podziemski misses three point pullup jump shot,threepointmiss,21,,basketball_play,1770348537,350,True,2026-02-06 03:28:57+00:00,1,280.0,440.0,7.333333333333333,65
4,40,quarter,1,ace11dff-c5d1-4ab9-9452-5312253659fd,17,4:36,Grayson Allen defensive rebound,rebound,21,ace11dff-c5d1-4ab9-9452-5312253659fd,basketball_play,1770348541,349,True,2026-02-06 03:29:01+00:00,1,276.0,444.0,7.4,66
4,39,quarter,1,ace11dff-c5d1-4ab9-9452-5312253659fd,17,4:28,Grayson Allen turnover (bad pass) (Gary Payton II steals),turnover,21,502c629b-4da7-40fd-92ab-20cb55411c35,basketball_play,1770348549,348,True,2026-02-06 03:29:09+00:00,1,268.0,452.0,7.533333333333333,67
4,38,quarter,1,502c629b-4da7-40fd-92ab-20cb55411c35,17,4:22,Mark Williams blocks Brandin Podziemski's three point running jump shot,threepointmiss,21,,basketball_play,1770348556,347,True,2026-02-06 03:29:16+00:00,1,262.0,458.0,7.633333333333334,68
4,37,quarter,1,502c629b-4da7-40fd-92ab-20cb55411c35,17,4:21,Warriors offensive rebound,rebound,21,502c629b-4da7-40fd-92ab-20cb55411c35,basketball_play,1770348557,346,True,2026-02-06 03:29:17+00:00,1,261.0,459.0,7.65,69
4,36,quarter,1,,17,4:21,Stoppage (Out of bounds),stoppage,21,,basketball_play,1770348561,345,True,2026-02-06 03:29:21+00:00,1,261.0,459.0,7.65,70
4,35,quarter,1,ace11dff-c5d1-4ab9-9452-5312253659fd,17,4:21,"Suns lineup change (Jamaree Bouyea, Grayson Allen, Oso Ighodaro, Dillon Brooks, Jordan Goodwin)",lineupchange,21,,basketball_play,1770348563,344,True,2026-02-06 03:29:23+00:00,1,261.0,459.0,7.65,71
4,34,quarter,1,ace11dff-c5d1-4ab9-9452-5312253659fd,17,4:14,Suns technical foul (Defensive three second),technicalfoulnonunsportsmanlike,21,502c629b-4da7-40fd-92ab-20cb55411c35,basketball_play,1770348594,343,True,2026-02-06 03:29:54+00:00,1,254.0,466.0,7.766666666666667,72
4,33,quarter,1,502c629b-4da7-40fd-92ab-20cb55411c35,17,4:14,Al Horford misses technical free throw 1 of 1,freethrowmiss,21,,basketball_play,1770348617,342,True,2026-02-06 03:30:17+00:00,1,254.0,466.0,7.766666666666667,73
4,32,quarter,1,502c629b-4da7-40fd-92ab-20cb55411c35,17,4:14,Warriors offensive rebound,rebound,21,502c629b-4da7-40fd-92ab-20cb55411c35,basketball_play,1770348617,341,True,2026-02-06 03:30:17+00:00,1,254.0,466.0,7.766666666666667,74
4,31,quarter,1,502c629b-4da7-40fd-92ab-20cb55411c35,17,4:05,Gary Payton II misses three point jump shot,threepointmiss,21,,basketball_play,1770348642,340,True,2026-02-06 03:30:42+00:00,1,245.0,475.0,7.916666666666667,75
4,30,quarter,1,ace11dff-c5d1-4ab9-9452-5312253659fd,17,4:01,Oso Ighodaro defensive rebound,rebound,21,ace11dff-c5d1-4ab9-9452-5312253659fd,basketball_play,1770348646,339,True,2026-02-06 03:30:46+00:00,1,241.0,479.0,7.983333333333333,76
4,29,quarter,1,ace11dff-c5d1-4ab9-9452-5312253659fd,17,3:52,Grayson Allen misses three point jump shot,threepointmiss,21,,basketball_play,1770348655,338,True,2026-02-06 03:30:55+00:00,1,232.0,488.0,8.133333333333333,77
4,28,quarter,1,502c629b-4da7-40fd-92ab-20cb55411c35,17,3:48,Gary Payton II defensive rebound,rebound,21,502c629b-4da7-40fd-92ab-20cb55411c35,basketball_play,1770348659,337,True,2026-02-06 03:30:59+00:00,1,228.0,492.0,8.2,78
4,27,quarter,1,502c629b-4da7-40fd-92ab-20cb55411c35,20,3:36,Gary Payton II makes three point jump shot (Gui Santos assists),threepointmade,21,ace11dff-c5d1-4ab9-9452-5312253659fd,basketball_play,1770348670,336,True,2026-02-06 03:31:10+00:00,1,216.0,504.0,8.4,79
4,26,quarter,1,ace11dff-c5d1-4ab9-9452-5312253659fd,20,3:26,Dillon Brooks makes two point pullup jump shot,twopointmade,23,502c629b-4da7-40fd-92ab-20cb55411c35,basketball_play,1770348681,335,True,2026-02-06 03:31:21+00:00,1,206.0,514.0,8.566666666666666,80
4,25,quarter,1,502c629b-4da7-40fd-92ab-20cb55411c35,23,3:03,Gui Santos makes three point jump shot (Al Horford assists),threepointmade,23,ace11dff-c5d1-4ab9-9452-5312253659fd,basketball_play,1770348703,334,True,2026-02-06 03:31:43+00:00,1,183.0,537.0,8.95,81
4,24,quarter,1,ace11dff-c5d1-4ab9-9452-5312253659fd,23,2:43,Dillon Brooks misses three point jump shot,threepointmiss,23,,basketball_play,1770348723,333,True,2026-02-06 03:32:03+00:00,1,163.0,557.0,9.283333333333333,82
4,23,quarter,1,502c629b-4da7-40fd-92ab-20cb55411c35,23,2:40,Gary Payton II defensive rebound,rebound,23,502c629b-4da7-40fd-92ab-20cb55411c35,basketball_play,1770348726,332,True,2026-02-06 03:32:06+00:00,1,160.0,560.0,9.333333333333334,83
4,22,quarter,1,502c629b-4da7-40fd-92ab-20cb55411c35,23,2:32,Will Richard misses three point jump shot,threepointmiss,23,,basketball_play,1770348734,331,True,2026-02-06 03:32:14+00:00,1,152.0,568.0,9.466666666666667,84
4,21,quarter,1,ace11dff-c5d1-4ab9-9452-5312253659fd,23,2:27,Grayson Allen defensive rebound,rebound,23,ace11dff-c5d1-4ab9-9452-5312253659fd,basketball_play,1770348739,330,True,2026-02-06 03:32:19+00:00,1,147.0,573.0,9.55,85
4,20,quarter,1,ace11dff-c5d1-4ab9-9452-5312253659fd,23,2:22,Dillon Brooks makes two point running layup,twopointmade,25,502c629b-4da7-40fd-92ab-20cb55411c35,basketball_play,1770348744,329,True,2026-02-06 03:32:24+00:00,1,142.0,578.0,9.633333333333333,86
4,19,quarter,1,,23,2:11,Stoppage (Out of bounds),stoppage,25,,basketball_play,1770348757,328,True,2026-02-06 03:32:37+00:00,1,131.0,589.0,9.816666666666666,87
4,18,quarter,1,502c629b-4da7-40fd-92ab-20cb55411c35,23,2:11,"Warriors lineup change (Quinten Post, Gui Santos, Al Horford, Moses Moody, Pat Spencer)",lineupchange,25,,basketball_play,1770348759,327,True,2026-02-06 03:32:39+00:00,1,131.0,589.0,9.816666666666666,88
4,17,quarter,1,ace11dff-c5d1-4ab9-9452-5312253659fd,23,2:11,"Suns lineup change (Collin Gillespie, Jamaree Bouyea, Ryan Dunn, Oso Ighodaro, Jordan Goodwin)",lineupchange,25,,basketball_play,1770348759,326,True,2026-02-06 03:32:39+00:00,1,131.0,589.0,9.816666666666666,89
4,16,quarter,1,502c629b-4da7-40fd-92ab-20cb55411c35,23,2:02,Quinten Post misses three point jump shot,threepointmiss,25,,basketball_play,1770348786,325,True,2026-02-06 03:33:06+00:00,1,122.0,598.0,9.966666666666667,90
4,15,quarter,1,502c629b-4da7-40fd-92ab-20cb55411c35,23,1:58,Al Horford offensive rebound,rebound,25,502c629b-4da7-40fd-92ab-20cb55411c35,basketball_play,1770348790,324,True,2026-02-06 03:33:10+00:00,1,118.0,602.0,10.033333333333333,91
4,14,quarter,1,502c629b-4da7-40fd-92ab-20cb55411c35,23,1:57,Al Horford misses two point putback layup,twopointmiss,25,,basketball_play,1770348790,323,True,2026-02-06 03:33:10+00:00,1,117.0,603.0,10.05,92
4,13,quarter,1,ace11dff-c5d1-4ab9-9452-5312253659fd,23,1:55,Jamaree Bouyea defensive rebound,rebound,25,ace11dff-c5d1-4ab9-9452-5312253659fd,basketball_play,1770348792,322,True,2026-02-06 03:33:12+00:00,1,115.0,605.0,10.083333333333334,93
4,12,quarter,1,ace11dff-c5d1-4ab9-9452-5312253659fd,23,1:51,Jamaree Bouyea turnover (out of bounds bad pass),turnover,25,502c629b-4da7-40fd-92ab-20cb55411c35,basketball_play,1770348796,321,True,2026-02-06 03:33:16+00:00,1,111.0,609.0,10.15,94
4,11,quarter,1,502c629b-4da7-40fd-92ab-20cb55411c35,25,1:29,Al Horford makes two point jump shot,twopointmade,25,ace11dff-c5d1-4ab9-9452-5312253659fd,basketball_play,1770348824,320,True,2026-02-06 03:33:44+00:00,1,89.0,631.0,10.516666666666667,95
4,10,quarter,1,ace11dff-c5d1-4ab9-9452-5312253659fd,25,1:16,Collin Gillespie misses three point jump shot,threepointmiss,25,,basketball_play,1770348836,319,True,2026-02-06 03:33:56+00:00,1,76.0,644.0,10.733333333333333,96
4,9,quarter,1,502c629b-4da7-40fd-92ab-20cb55411c35,25,1:14,Quinten Post defensive rebound,rebound,25,502c629b-4da7-40fd-92ab-20cb55411c35,basketball_play,1770348838,318,True,2026-02-06 03:33:58+00:00,1,74.0,646.0,10.766666666666667,97
4,8,quarter,1,502c629b-4da7-40fd-92ab-20cb55411c35,25,1:03,Gui Santos turnover (traveling),turnover,25,ace11dff-c5d1-4ab9-9452-5312253659fd,basketball_play,1770348852,317,True,2026-02-06 03:34:12+00:00,1,63.0,657.0,10.95,98
4,7,quarter,1,ace11dff-c5d1-4ab9-9452-5312253659fd,25,00:50.60,Ryan Dunn makes two point cutting dunk (Oso Ighodaro assists),twopointmade,27,502c629b-4da7-40fd-92ab-20cb55411c35,basketball_play,1770348877,316,True,2026-02-06 03:34:37+00:00,1,50.6,669.4,11.156666666666666,99
4,6,quarter,1,502c629b-4da7-40fd-92ab-20cb55411c35,25,00:26.60,Gui Santos misses three point pullup jump shot,threepointmiss,27,,basketball_play,1770348908,315,True,2026-02-06 03:35:08+00:00,1,26.6,693.4,11.556666666666667,100
4,5,quarter,1,ace11dff-c5d1-4ab9-9452-5312253659fd,25,00:23.10,Ryan Dunn defensive rebound,rebound,27,ace11dff-c5d1-4ab9-9452-5312253659fd,basketball_play,1770348911,314,True,2026-02-06 03:35:11+00:00,1,23.1,696.9,11.615,101
4,4,quarter,1,ace11dff-c5d1-4ab9-9452-5312253659fd,25,00:02.70,Oso Ighodaro makes two point cutting dunk (Ryan Dunn assists),twopointmade,29,502c629b-4da7-40fd-92ab-20cb55411c35,basketball_play,1770348932,313,True,2026-02-06 03:35:32+00:00,1,2.7,717.3,11.955,102
4,3,quarter,1,502c629b-4da7-40fd-92ab-20cb55411c35,25,00:00.60,Warriors misses heave shot,heave,29,,basketball_play,1770348946,312,True,2026-02-06 03:35:46+00:00,1,0.6,719.4,11.99,103
4,2,quarter,1,502c629b-4da7-40fd-92ab-20cb55411c35,25,00:00.10,Warriors offensive rebound,rebound,29,502c629b-4da7-40fd-92ab-20cb55411c35,basketball_play,1770348947,311,True,2026-02-06 03:35:47+00:00,1,0.1,719.9,11.998333333333333,104
4,1,quarter,1,,25,00:00,End of 1st Quarter.,endperiod,29,,basketball_play,1770348957,310,True,2026-02-06 03:35:57+00:00,1,0.0,720.0,12.0,105
3,92,quarter,2,502c629b-4da7-40fd-92ab-20cb55411c35,25,12:00,"Warriors lineup change (De'Anthony Melton, Draymond Green, Will Richard, Moses Moody, Gary Payton II)",lineupchange,29,,basketball_play,1770349037,309,True,2026-02-06 03:37:17+00:00,2,720.0,720.0,12.0,106
3,91,quarter,2,ace11dff-c5d1-4ab9-9452-5312253659fd,25,12:00,"Suns lineup change (Collin Gillespie, Jamaree Bouyea, Ryan Dunn, Isaiah Livers, Oso Ighodaro)",lineupchange,29,,basketball_play,1770349037,308,True,2026-02-06 03:37:17+00:00,2,720.0,720.0,12.0,107
3,90,quarter,2,,25,12:00,Start of 2nd Quarter,startperiod,29,,basketball_play,1770349161,307,True,2026-02-06 03:39:21+00:00,2,720.0,720.0,12.0,108
3,89,quarter,2,502c629b-4da7-40fd-92ab-20cb55411c35,27,11:36,Gary Payton II makes two point driving layup,twopointmade,29,ace11dff-c5d1-4ab9-9452-5312253659fd,basketball_play,1770349184,306,True,2026-02-06 03:39:44+00:00,2,696.0,744.0,12.4,109
3,88,quarter,2,ace11dff-c5d1-4ab9-9452-5312253659fd,27,11:26,Oso Ighodaro misses two point floating jump shot,twopointmiss,29,,basketball_play,1770349195,305,True,2026-02-06 03:39:55+00:00,2,686.0,754.0,12.566666666666666,110
3,87,quarter,2,502c629b-4da7-40fd-92ab-20cb55411c35,27,11:24,Draymond Green defensive rebound,rebound,29,502c629b-4da7-40fd-92ab-20cb55411c35,basketball_play,1770349197,304,True,2026-02-06 03:39:57+00:00,2,684.0,756.0,12.6,111
3,86,quarter,2,502c629b-4da7-40fd-92ab-20cb55411c35,29,11:08,De'Anthony Melton makes two point driving layup (Gary Payton II assists),twopointmade,29,ace11dff-c5d1-4ab9-9452-5312253659fd,basketball_play,1770349211,303,True,2026-02-06 03:40:11+00:00,2,668.0,772.0,12.866666666666667,112
3,85,quarter,2,ace11dff-c5d1-4ab9-9452-5312253659fd,29,10:59,Collin Gillespie misses three point pullup jump shot,threepointmiss,29,,basketball_play,1770349221,302,True,2026-02-06 03:40:21+00:00,2,659.0,781.0,13.016666666666667,113
3,84,quarter,2,502c629b-4da7-40fd-92ab-20cb55411c35,29,10:56,Draymond Green defensive rebound,rebound,29,502c629b-4da7-40fd-92ab-20cb55411c35,basketball_play,1770349224,301,True,2026-02-06 03:40:24+00:00,2,656.0,784.0,13.066666666666666,114
3,83,quarter,2,502c629b-4da7-40fd-92ab-20cb55411c35,29,10:55,De'Anthony Melton misses two point running layup,twopointmiss,29,,basketball_play,1770349225,300,True,2026-02-06 03:40:25+00:00,2,655.0,785.0,13.083333333333334,115
3,82,quarter,2,ace11dff-c5d1-4ab9-9452-5312253659fd,29,10:55,Jamaree Bouyea defensive rebound,rebound,29,ace11dff-c5d1-4ab9-9452-5312253659fd,basketball_play,1770349225,299,True,2026-02-06 03:40:25+00:00,2,655.0,785.0,13.083333333333334,116
3,81,quarter,2,ace11dff-c5d1-4ab9-9452-5312253659fd,29,10:39,Jamaree Bouyea makes two point driving hook shot,twopointmade,31,502c629b-4da7-40fd-92ab-20cb55411c35,basketball_play,1770349241,298,True,2026-02-06 03:40:41+00:00,2,639.0,801.0,13.35,117
3,80,quarter,2,ace11dff-c5d1-4ab9-9452-5312253659fd,29,10:28,Isaiah Livers personal foul (Draymond Green draws the foul),personalfoul,31,502c629b-4da7-40fd-92ab-20cb55411c35,basketball_play,1770349255,297,True,2026-02-06 03:40:55+00:00,2,628.0,812.0,13.533333333333333,118
3,79,quarter,2,502c629b-4da7-40fd-92ab-20cb55411c35,32,10:18,De'Anthony Melton makes three point stepback jump shot,threepointmade,31,ace11dff-c5d1-4ab9-9452-5312253659fd,basketball_play,1770349285,296,True,2026-02-06 03:41:25+00:00,2,618.0,822.0,13.7,119
3,78,quarter,2,ace11dff-c5d1-4ab9-9452-5312253659fd,32,9:57,Collin Gillespie misses three point jump shot,threepointmiss,31,,basketball_play,1770349306,295,True,2026-02-06 03:41:46+00:00,2,597.0,843.0,14.05,120
3,77,quarter,2,502c629b-4da7-40fd-92ab-20cb55411c35,32,9:54,Moses Moody defensive rebound,rebound,31,502c629b-4da7-40fd-92ab-20cb55411c35,basketball_play,1770349309,294,True,2026-02-06 03:41:49+00:00,2,594.0,846.0,14.1,121
3,76,quarter,2,502c629b-4da7-40fd-92ab-20cb55411c35,32,9:45,De'Anthony Melton misses three point jump shot,threepointmiss,31,,basketball_play,1770349318,293,True,2026-02-06 03:41:58+00:00,2,585.0,855.0,14.25,122
3,75,quarter,2,ace11dff-c5d1-4ab9-9452-5312253659fd,32,9:41,Ryan Dunn defensive rebound,rebound,31,ace11dff-c5d1-4ab9-9452-5312253659fd,basketball_play,1770349322,292,True,2026-02-06 03:42:02+00:00,2,581.0,859.0,14.316666666666666,123
3,74,quarter,2,ace11dff-c5d1-4ab9-9452-5312253659fd,32,9:31,Collin Gillespie misses three point pullup jump shot,threepointmiss,31,,basketball_play,1770349332,291,True,2026-02-06 03:42:12+00:00,2,571.0,869.0,14.483333333333333,124
3,73,quarter,2,502c629b-4da7-40fd-92ab-20cb55411c35,32,9:27,Moses Moody defensive rebound,rebound,31,502c629b-4da7-40fd-92ab-20cb55411c35,basketball_play,1770349336,290,True,2026-02-06 03:42:16+00:00,2,567.0,873.0,14.55,125
3,72,quarter,2,502c629b-4da7-40fd-92ab-20cb55411c35,35,9:19,Gary Payton II makes three point jump shot (Will Richard assists),threepointmade,31,ace11dff-c5d1-4ab9-9452-5312253659fd,basketball_play,1770349344,289,True,2026-02-06 03:42:24+00:00,2,559.0,881.0,14.683333333333334,126
3,71,quarter,2,ace11dff-c5d1-4ab9-9452-5312253659fd,35,9:16,Suns 60 second timeout,teamtimeout,31,,basketball_play,1770349350,288,True,2026-02-06 03:42:30+00:00,2,556.0,884.0,14.733333333333333,127
3,70,quarter,2,ace11dff-c5d1-4ab9-9452-5312253659fd,35,9:16,"Suns lineup change (Collin Gillespie, Royce O'Neale, Jamaree Bouyea, Ryan Dunn, Oso Ighodaro)",lineupchange,31,,basketball_play,1770349581,287,True,2026-02-06 03:46:21+00:00,2,556.0,884.0,14.733333333333333,128
3,69,quarter,2,ace11dff-c5d1-4ab9-9452-5312253659fd,35,8:55,Oso Ighodaro turnover (lost ball) (De'Anthony Melton steals),turnover,31,502c629b-4da7-40fd-92ab-20cb55411c35,basketball_play,1770349581,286,True,2026-02-06 03:46:21+00:00,2,535.0,905.0,15.083333333333334,129
3,68,quarter,2,ace11dff-c5d1-4ab9-9452-5312253659fd,35,8:43,Oso Ighodaro personal foul (Will Richard draws the foul),personalfoul,31,502c629b-4da7-40fd-92ab-20cb55411c35,basketball_play,1770349589,285,True,2026-02-06 03:46:29+00:00,2,523.0,917.0,15.283333333333333,130
3,67,quarter,2,502c629b-4da7-40fd-92ab-20cb55411c35,35,8:36,Gary Payton II misses three point jump shot,threepointmiss,31,,basketball_play,1770349616,284,True,2026-02-06 03:46:56+00:00,2,516.0,924.0,15.4,131
3,66,quarter,2,ace11dff-c5d1-4ab9-9452-5312253659fd,35,8:31,Oso Ighodaro defensive rebound,rebound,31,ace11dff-c5d1-4ab9-9452-5312253659fd,basketball_play,1770349621,283,True,2026-02-06 03:47:01+00:00,2,511.0,929.0,15.483333333333333,132
3,65,quarter,2,ace11dff-c5d1-4ab9-9452-5312253659fd,35,8:18,Royce O'Neale misses three point jump shot,threepointmiss,31,,basketball_play,1770349633,282,True,2026-02-06 03:47:13+00:00,2,498.0,942.0,15.7,133
3,64,quarter,2,502c629b-4da7-40fd-92ab-20cb55411c35,35,8:14,Gary Payton II defensive rebound,rebound,31,502c629b-4da7-40fd-92ab-20cb55411c35,basketball_play,1770349637,281,True,2026-02-06 03:47:17+00:00,2,494.0,946.0,15.766666666666667,134
3,63,quarter,2,502c629b-4da7-40fd-92ab-20cb55411c35,37,8:07,Gary Payton II makes two point cutting layup (De'Anthony Melton assists),twopointmade,31,ace11dff-c5d1-4ab9-9452-5312253659fd,basketball_play,1770349643,280,True,2026-02-06 03:47:23+00:00,2,487.0,953.0,15.883333333333333,135
3,62,quarter,2,ace11dff-c5d1-4ab9-9452-5312253659fd,37,7:55,Royce O'Neale makes three point jump shot (Jamaree Bouyea assists),threepointmade,34,502c629b-4da7-40fd-92ab-20cb55411c35,basketball_play,1770349656,279,True,2026-02-06 03:47:36+00:00,2,475.0,965.0,16.083333333333332,136
3,61,quarter,2,502c629b-4da7-40fd-92ab-20cb55411c35,37,7:37,De'Anthony Melton misses three point jump shot,threepointmiss,34,,basketball_play,1770349674,278,True,2026-02-06 03:47:54+00:00,2,457.0,983.0,16.383333333333333,137
3,60,quarter,2,ace11dff-c5d1-4ab9-9452-5312253659fd,37,7:35,Oso Ighodaro defensive rebound,rebound,34,ace11dff-c5d1-4ab9-9452-5312253659fd,basketball_play,1770349676,277,True,2026-02-06 03:47:56+00:00,2,455.0,985.0,16.416666666666668,138
3,59,quarter,2,ace11dff-c5d1-4ab9-9452-5312253659fd,37,7:24,Ryan Dunn turnover (out of bounds bad pass),turnover,34,502c629b-4da7-40fd-92ab-20cb55411c35,basketball_play,1770349689,276,True,2026-02-06 03:48:09+00:00,2,444.0,996.0,16.6,139
3,58,quarter,2,502c629b-4da7-40fd-92ab-20cb55411c35,37,7:24,"Warriors lineup change (De'Anthony Melton, Gui Santos, Draymond Green, Will Richard, Moses Moody)",lineupchange,34,,basketball_play,1770349693,275,True,2026-02-06 03:48:13+00:00,2,444.0,996.0,16.6,140
3,57,quarter,2,ace11dff-c5d1-4ab9-9452-5312253659fd,37,7:24,"Suns lineup change (Collin Gillespie, Royce O'Neale, Grayson Allen, Oso Ighodaro, Dillon Brooks)",lineupchange,34,,basketball_play,1770349693,274,True,2026-02-06 03:48:13+00:00,2,444.0,996.0,16.6,141
3,56,quarter,2,502c629b-4da7-40fd-92ab-20cb55411c35,40,7:12,Moses Moody makes three point jump shot (Gui Santos assists),threepointmade,34,ace11dff-c5d1-4ab9-9452-5312253659fd,basketball_play,1770349720,273,True,2026-02-06 03:48:40+00:00,2,432.0,1008.0,16.8,142
3,55,quarter,2,502c629b-4da7-40fd-92ab-20cb55411c35,40,7:03,Will Richard personal foul (Collin Gillespie draws the foul),personalfoul,34,ace11dff-c5d1-4ab9-9452-5312253659fd,basketball_play,1770349732,272,True,2026-02-06 03:48:52+00:00,2,423.0,1017.0,16.95,143
3,54,quarter,2,502c629b-4da7-40fd-92ab-20cb55411c35,40,7:03,"Warriors lineup change (Gui Santos, Al Horford, Will Richard, Moses Moody, Pat Spencer)",lineupchange,34,,basketball_play,1770349743,271,True,2026-02-06 03:49:03+00:00,2,423.0,1017.0,16.95,144
3,53,quarter,2,ace11dff-c5d1-4ab9-9452-5312253659fd,40,7:03,"Suns lineup change (Mark Williams, Royce O'Neale, Grayson Allen, Dillon Brooks, Jordan Goodwin)",lineupchange,34,,basketball_play,1770349743,270,True,2026-02-06 03:49:03+00:00,2,423.0,1017.0,16.95,145
3,52,quarter,2,ace11dff-c5d1-4ab9-9452-5312253659fd,40,6:50,Dillon Brooks makes two point driving layup,twopointmade,36,502c629b-4da7-40fd-92ab-20cb55411c35,basketball_play,1770349786,269,True,2026-02-06 03:49:46+00:00,2,410.0,1030.0,17.166666666666668,146
3,51,quarter,2,502c629b-4da7-40fd-92ab-20cb55411c35,40,6:50,Al Horford shooting foul (Dillon Brooks draws the foul),shootingfoul,36,ace11dff-c5d1-4ab9-9452-5312253659fd,basketball_play,1770349789,268,True,2026-02-06 03:49:49+00:00,2,410.0,1030.0,17.166666666666668,147
3,50,quarter,2,ace11dff-c5d1-4ab9-9452-5312253659fd,40,6:50,Dillon Brooks makes regular free throw 1 of 1,freethrowmade,37,,basketball_play,1770349808,267,True,2026-02-06 03:50:08+00:00,2,410.0,1030.0,17.166666666666668,148
3,49,quarter,2,502c629b-4da7-40fd-92ab-20cb55411c35,40,6:34,Al Horford turnover (lost ball) (Jordan Goodwin steals),turnover,37,ace11dff-c5d1-4ab9-9452-5312253659fd,basketball_play,1770349831,266,True,2026-02-06 03:50:31+00:00,2,394.0,1046.0,17.433333333333334,149
3,48,quarter,2,ace11dff-c5d1-4ab9-9452-5312253659fd,40,6:27,Royce O'Neale turnover (lost ball) (Will Richard steals),turnover,37,502c629b-4da7-40fd-92ab-20cb55411c35,basketball_play,1770349835,265,True,2026-02-06 03:50:35+00:00,2,387.0,1053.0,17.55,150
3,47,quarter,2,502c629b-4da7-40fd-92ab-20cb55411c35,42,6:24,Will Richard makes two point running dunk (Gui Santos assists),twopointmade,37,ace11dff-c5d1-4ab9-9452-5312253659fd,basketball_play,1770349838,264,True,2026-02-06 03:50:38+00:00,2,384.0,1056.0,17.6,151
3,46,quarter,2,ace11dff-c5d1-4ab9-9452-5312253659fd,42,6:14,Dillon Brooks makes two point fadeaway jump shot,twopointmade,39,502c629b-4da7-40fd-92ab-20cb55411c35,basketball_play,1770349847,263,True,2026-02-06 03:50:47+00:00,2,374.0,1066.0,17.766666666666666,152
3,45,quarter,2,502c629b-4da7-40fd-92ab-20cb55411c35,45,5:48,Pat Spencer makes three point jump shot (Al Horford assists),threepointmade,39,ace11dff-c5d1-4ab9-9452-5312253659fd,basketball_play,1770349873,262,True,2026-02-06 03:51:13+00:00,2,348.0,1092.0,18.2,153
3,44,quarter,2,ace11dff-c5d1-4ab9-9452-5312253659fd,45,5:33,Grayson Allen makes two point driving floating bank jump shot,twopointmade,41,502c629b-4da7-40fd-92ab-20cb55411c35,basketball_play,1770349902,261,True,2026-02-06 03:51:42+00:00,2,333.0,1107.0,18.45,154
3,43,quarter,2,502c629b-4da7-40fd-92ab-20cb55411c35,45,5:25,Moses Moody misses three point bank jump shot,threepointmiss,41,,basketball_play,1770349910,260,True,2026-02-06 03:51:50+00:00,2,325.0,1115.0,18.583333333333332,155
3,42,quarter,2,ace11dff-c5d1-4ab9-9452-5312253659fd,45,5:21,Mark Williams defensive rebound,rebound,41,ace11dff-c5d1-4ab9-9452-5312253659fd,basketball_play,1770349914,259,True,2026-02-06 03:51:54+00:00,2,321.0,1119.0,18.65,156
3,41,quarter,2,ace11dff-c5d1-4ab9-9452-5312253659fd,45,5:04,Dillon Brooks makes two point turnaround fadeaway jump shot,twopointmade,43,502c629b-4da7-40fd-92ab-20cb55411c35,basketball_play,1770349930,258,True,2026-02-06 03:52:10+00:00,2,304.0,1136.0,18.933333333333334,157
3,40,quarter,2,502c629b-4da7-40fd-92ab-20cb55411c35,47,4:41,Gui Santos makes two point driving layup,twopointmade,43,ace11dff-c5d1-4ab9-9452-5312253659fd,basketball_play,1770349954,257,True,2026-02-06 03:52:34+00:00,2,281.0,1159.0,19.316666666666666,158
3,39,quarter,2,ace11dff-c5d1-4ab9-9452-5312253659fd,47,4:22,Jordan Goodwin makes three point jump shot (Royce O'Neale assists),threepointmade,46,502c629b-4da7-40fd-92ab-20cb55411c35,basketball_play,1770349973,256,True,2026-02-06 03:52:53+00:00,2,262.0,1178.0,19.633333333333333,159
3,38,quarter,2,502c629b-4da7-40fd-92ab-20cb55411c35,47,4:08,Moses Moody misses three point jump shot,threepointmiss,46,,basketball_play,1770349987,255,True,2026-02-06 03:53:07+00:00,2,248.0,1192.0,19.866666666666667,160
3,37,quarter,2,502c629b-4da7-40fd-92ab-20cb55411c35,47,4:04,Al Horford offensive rebound,rebound,46,502c629b-4da7-40fd-92ab-20cb55411c35,basketball_play,1770349991,254,True,2026-02-06 03:53:11+00:00,2,244.0,1196.0,19.933333333333334,161
3,36,quarter,2,502c629b-4da7-40fd-92ab-20cb55411c35,50,4:00,Pat Spencer makes three point jump shot (Gui Santos assists),threepointmade,46,ace11dff-c5d1-4ab9-9452-5312253659fd,basketball_play,1770349995,253,True,2026-02-06 03:53:15+00:00,2,240.0,1200.0,20.0,162
3,35,quarter,2,ace11dff-c5d1-4ab9-9452-5312253659fd,50,3:35,Dillon Brooks misses three point stepback jump shot,threepointmiss,46,,basketball_play,1770350020,252,True,2026-02-06 03:53:40+00:00,2,215.0,1225.0,20.416666666666668,163
3,34,quarter,2,502c629b-4da7-40fd-92ab-20cb55411c35,50,3:32,Warriors defensive rebound,rebound,46,502c629b-4da7-40fd-92ab-20cb55411c35,basketball_play,1770350023,251,True,2026-02-06 03:53:43+00:00,2,212.0,1228.0,20.466666666666665,164
3,33,quarter,2,,50,3:32,Stoppage (Out of bounds),stoppage,46,,basketball_play,1770350026,250,True,2026-02-06 03:53:46+00:00,2,212.0,1228.0,20.466666666666665,165
3,32,quarter,2,502c629b-4da7-40fd-92ab-20cb55411c35,50,3:32,Warriors 60 second timeout,teamtimeout,46,,basketball_play,1770350032,249,True,2026-02-06 03:53:52+00:00,2,212.0,1228.0,20.466666666666665,166
3,31,quarter,2,502c629b-4da7-40fd-92ab-20cb55411c35,50,3:32,"Warriors lineup change (Quinten Post, Gui Santos, Al Horford, Will Richard, Pat Spencer)",lineupchange,46,,basketball_play,1770350176,248,True,2026-02-06 03:56:16+00:00,2,212.0,1228.0,20.466666666666665,167
3,30,quarter,2,ace11dff-c5d1-4ab9-9452-5312253659fd,50,3:32,"Suns lineup change (Mark Williams, Collin Gillespie, Grayson Allen, Dillon Brooks, Jordan Goodwin)",lineupchange,46,,basketball_play,1770350176,247,True,2026-02-06 03:56:16+00:00,2,212.0,1228.0,20.466666666666665,168
3,29,quarter,2,ace11dff-c5d1-4ab9-9452-5312253659fd,50,3:20,Dillon Brooks personal foul (Gui Santos draws the foul),personalfoul,46,502c629b-4da7-40fd-92ab-20cb55411c35,basketball_play,1770350256,246,True,2026-02-06 03:57:36+00:00,2,200.0,1240.0,20.666666666666668,169
3,28,quarter,2,502c629b-4da7-40fd-92ab-20cb55411c35,50,3:07,Gui Santos misses three point jump shot,threepointmiss,46,,basketball_play,1770350286,245,True,2026-02-06 03:58:06+00:00,2,187.0,1253.0,20.883333333333333,170
3,27,quarter,2,ace11dff-c5d1-4ab9-9452-5312253659fd,50,3:02,Mark Williams defensive rebound,rebound,46,ace11dff-c5d1-4ab9-9452-5312253659fd,basketball_play,1770350291,244,True,2026-02-06 03:58:11+00:00,2,182.0,1258.0,20.966666666666665,171
3,26,quarter,2,ace11dff-c5d1-4ab9-9452-5312253659fd,50,2:56,Mark Williams offensive foul (Gui Santos draws the foul),offensivefoul,46,502c629b-4da7-40fd-92ab-20cb55411c35,basketball_play,1770350300,243,True,2026-02-06 03:58:20+00:00,2,176.0,1264.0,21.066666666666666,172
3,25,quarter,2,ace11dff-c5d1-4ab9-9452-5312253659fd,50,2:56,Mark Williams turnover (offensive foul),turnover,46,502c629b-4da7-40fd-92ab-20cb55411c35,basketball_play,1770350300,242,True,2026-02-06 03:58:20+00:00,2,176.0,1264.0,21.066666666666666,173
3,24,quarter,2,502c629b-4da7-40fd-92ab-20cb55411c35,53,2:34,Al Horford makes three point jump shot (Quinten Post assists),threepointmade,46,ace11dff-c5d1-4ab9-9452-5312253659fd,basketball_play,1770350335,241,True,2026-02-06 03:58:55+00:00,2,154.0,1286.0,21.433333333333334,174
3,23,quarter,2,ace11dff-c5d1-4ab9-9452-5312253659fd,53,2:19,Grayson Allen misses two point driving layup,twopointmiss,46,,basketball_play,1770350351,240,True,2026-02-06 03:59:11+00:00,2,139.0,1301.0,21.683333333333334,175
3,22,quarter,2,ace11dff-c5d1-4ab9-9452-5312253659fd,53,2:18,Suns offensive rebound,rebound,46,ace11dff-c5d1-4ab9-9452-5312253659fd,basketball_play,1770350352,239,True,2026-02-06 03:59:12+00:00,2,138.0,1302.0,21.7,176
3,21,quarter,2,502c629b-4da7-40fd-92ab-20cb55411c35,53,2:18,Gui Santos personal foul (Loose ball) (Mark Williams draws the foul),personalfoul,46,ace11dff-c5d1-4ab9-9452-5312253659fd,basketball_play,1770350354,238,True,2026-02-06 03:59:14+00:00,2,138.0,1302.0,21.7,177
3,20,quarter,2,ace11dff-c5d1-4ab9-9452-5312253659fd,53,2:14,Mark Williams makes two point driving bank hook shot,twopointmade,48,502c629b-4da7-40fd-92ab-20cb55411c35,basketball_play,1770350381,237,True,2026-02-06 03:59:41+00:00,2,134.0,1306.0,21.766666666666666,178
3,19,quarter,2,502c629b-4da7-40fd-92ab-20cb55411c35,53,2:14,Quinten Post shooting foul (Mark Williams draws the foul),shootingfoul,48,ace11dff-c5d1-4ab9-9452-5312253659fd,basketball_play,1770350386,236,True,2026-02-06 03:59:46+00:00,2,134.0,1306.0,21.766666666666666,179
3,18,quarter,2,ace11dff-c5d1-4ab9-9452-5312253659fd,53,2:14,Mark Williams makes regular free throw 1 of 1,freethrowmade,49,,basketball_play,1770350405,235,True,2026-02-06 04:00:05+00:00,2,134.0,1306.0,21.766666666666666,180
3,17,quarter,2,502c629b-4da7-40fd-92ab-20cb55411c35,53,1:55,Al Horford misses two point hook shot,twopointmiss,49,,basketball_play,1770350429,234,True,2026-02-06 04:00:29+00:00,2,115.0,1325.0,22.083333333333332,181
3,16,quarter,2,ace11dff-c5d1-4ab9-9452-5312253659fd,53,1:52,Jordan Goodwin defensive rebound,rebound,49,ace11dff-c5d1-4ab9-9452-5312253659fd,basketball_play,1770350432,233,True,2026-02-06 04:00:32+00:00,2,112.0,1328.0,22.133333333333333,182
3,15,quarter,2,ace11dff-c5d1-4ab9-9452-5312253659fd,53,1:43,Jordan Goodwin misses three point jump shot,threepointmiss,49,,basketball_play,1770350440,232,True,2026-02-06 04:00:40+00:00,2,103.0,1337.0,22.283333333333335,183
3,14,quarter,2,502c629b-4da7-40fd-92ab-20cb55411c35,53,1:40,Quinten Post defensive rebound,rebound,49,502c629b-4da7-40fd-92ab-20cb55411c35,basketball_play,1770350443,231,True,2026-02-06 04:00:43+00:00,2,100.0,1340.0,22.333333333333332,184
3,13,quarter,2,502c629b-4da7-40fd-92ab-20cb55411c35,56,1:20,Pat Spencer makes three point jump shot (Gui Santos assists),threepointmade,49,ace11dff-c5d1-4ab9-9452-5312253659fd,basketball_play,1770350463,230,True,2026-02-06 04:01:03+00:00,2,80.0,1360.0,22.666666666666668,185
3,12,quarter,2,ace11dff-c5d1-4ab9-9452-5312253659fd,56,1:13,Grayson Allen makes three point pullup jump shot (Collin Gillespie assists),threepointmade,52,502c629b-4da7-40fd-92ab-20cb55411c35,basketball_play,1770350470,229,True,2026-02-06 04:01:10+00:00,2,73.0,1367.0,22.783333333333335,186
3,11,quarter,2,502c629b-4da7-40fd-92ab-20cb55411c35,56,00:59,Al Horford misses three point jump shot,threepointmiss,52,,basketball_play,1770350485,228,True,2026-02-06 04:01:25+00:00,2,59.0,1381.0,23.016666666666666,187
3,10,quarter,2,502c629b-4da7-40fd-92ab-20cb55411c35,56,00:56.30,Warriors offensive rebound,rebound,52,502c629b-4da7-40fd-92ab-20cb55411c35,basketball_play,1770350489,227,True,2026-02-06 04:01:29+00:00,2,56.3,1383.7,23.061666666666667,188
3,9,quarter,2,,56,00:56.30,Stoppage (Out of bounds),stoppage,52,,basketball_play,1770350490,226,True,2026-02-06 04:01:30+00:00,2,56.3,1383.7,23.061666666666667,189
3,8,quarter,2,502c629b-4da7-40fd-92ab-20cb55411c35,59,00:45.20,Gui Santos makes three point jump shot (Al Horford assists),threepointmade,52,ace11dff-c5d1-4ab9-9452-5312253659fd,basketball_play,1770350518,225,True,2026-02-06 04:01:58+00:00,2,45.2,1394.8,23.246666666666666,190
3,7,quarter,2,ace11dff-c5d1-4ab9-9452-5312253659fd,59,00:36.50,Jordan Goodwin makes three point jump shot (Grayson Allen assists),threepointmade,55,502c629b-4da7-40fd-92ab-20cb55411c35,basketball_play,1770350537,224,True,2026-02-06 04:02:17+00:00,2,36.5,1403.5,23.391666666666666,191
3,6,quarter,2,502c629b-4da7-40fd-92ab-20cb55411c35,59,00:18.90,Quinten Post misses three point jump shot,threepointmiss,55,,basketball_play,1770350559,223,True,2026-02-06 04:02:39+00:00,2,18.9,1421.1,23.685,192
3,5,quarter,2,502c629b-4da7-40fd-92ab-20cb55411c35,59,00:15.60,Pat Spencer offensive rebound,rebound,55,502c629b-4da7-40fd-92ab-20cb55411c35,basketball_play,1770350562,222,True,2026-02-06 04:02:42+00:00,2,15.6,1424.4,23.740000000000002,193
3,4,quarter,2,502c629b-4da7-40fd-92ab-20cb55411c35,59,00:03.50,Gui Santos misses three point jump shot,threepointmiss,55,,basketball_play,1770350575,221,True,2026-02-06 04:02:55+00:00,2,3.5,1436.5,23.941666666666666,194
3,3,quarter,2,ace11dff-c5d1-4ab9-9452-5312253659fd,59,00:00.20,Suns defensive rebound,rebound,55,ace11dff-c5d1-4ab9-9452-5312253659fd,basketball_play,1770350578,220,True,2026-02-06 04:02:58+00:00,2,0.2,1439.8,23.996666666666666,195
3,2,quarter,2,,59,00:00.20,Stoppage (Out of bounds),stoppage,55,,basketball_play,1770350589,219,True,2026-02-06 04:03:09+00:00,2,0.2,1439.8,23.996666666666666,196
3,1,quarter,2,,59,00:00,End of 1st Half.,endperiod,55,,basketball_play,1770350600,218,True,2026-02-06 04:03:20+00:00,2,0.0,1440.0,24.0,197
2,118,quarter,3,502c629b-4da7-40fd-92ab-20cb55411c35,59,12:00,"Warriors lineup change (De'Anthony Melton, Gui Santos, Draymond Green, Moses Moody, Pat Spencer)",lineupchange,55,,basketball_play,1770351519,217,True,2026-02-06 04:18:39+00:00,3,720.0,1440.0,24.0,198
2,117,quarter,3,ace11dff-c5d1-4ab9-9452-5312253659fd,59,12:00,"Suns lineup change (Mark Williams, Collin Gillespie, Royce O'Neale, Grayson Allen, Dillon Brooks)",lineupchange,55,,basketball_play,1770351519,216,True,2026-02-06 04:18:39+00:00,3,720.0,1440.0,24.0,199
2,116,quarter,3,,59,12:00,Start of 3rd Quarter,startperiod,55,,basketball_play,1770351606,215,True,2026-02-06 04:20:06+00:00,3,720.0,1440.0,24.0,200
2,115,quarter,3,502c629b-4da7-40fd-92ab-20cb55411c35,59,11:47,Draymond Green turnover (out of bounds bad pass),turnover,55,ace11dff-c5d1-4ab9-9452-5312253659fd,basketball_play,1770351619,214,True,2026-02-06 04:20:19+00:00,3,707.0,1453.0,24.216666666666665,201
2,114,quarter,3,ace11dff-c5d1-4ab9-9452-5312253659fd,59,11:30,Grayson Allen misses three point jump shot,threepointmiss,55,,basketball_play,1770351643,213,True,2026-02-06 04:20:43+00:00,3,690.0,1470.0,24.5,202
2,113,quarter,3,502c629b-4da7-40fd-92ab-20cb55411c35,59,11:27,Pat Spencer defensive rebound,rebound,55,502c629b-4da7-40fd-92ab-20cb55411c35,basketball_play,1770351646,212,True,2026-02-06 04:20:46+00:00,3,687.0,1473.0,24.55,203
2,112,quarter,3,502c629b-4da7-40fd-92ab-20cb55411c35,59,11:11,Pat Spencer misses three point jump shot,threepointmiss,55,,basketball_play,1770351662,211,True,2026-02-06 04:21:02+00:00,3,671.0,1489.0,24.816666666666666,204
2,111,quarter,3,ace11dff-c5d1-4ab9-9452-5312253659fd,59,11:08,Mark Williams defensive rebound,rebound,55,ace11dff-c5d1-4ab9-9452-5312253659fd,basketball_play,1770351665,210,True,2026-02-06 04:21:05+00:00,3,668.0,1492.0,24.866666666666667,205
2,110,quarter,3,ace11dff-c5d1-4ab9-9452-5312253659fd,59,11:00,Collin Gillespie turnover (bad pass) (De'Anthony Melton steals),turnover,55,502c629b-4da7-40fd-92ab-20cb55411c35,basketball_play,1770351672,209,True,2026-02-06 04:21:12+00:00,3,660.0,1500.0,25.0,206
2,109,quarter,3,502c629b-4da7-40fd-92ab-20cb55411c35,59,10:43,Draymond Green misses three point jump shot,threepointmiss,55,,basketball_play,1770351690,208,True,2026-02-06 04:21:30+00:00,3,643.0,1517.0,25.283333333333335,207
2,108,quarter,3,ace11dff-c5d1-4ab9-9452-5312253659fd,59,10:39,Dillon Brooks defensive rebound,rebound,55,ace11dff-c5d1-4ab9-9452-5312253659fd,basketball_play,1770351694,207,True,2026-02-06 04:21:34+00:00,3,639.0,1521.0,25.35,208
2,107,quarter,3,ace11dff-c5d1-4ab9-9452-5312253659fd,59,10:26,Mark Williams misses two point turnaround hook shot,twopointmiss,55,,basketball_play,1770351706,206,True,2026-02-06 04:21:46+00:00,3,626.0,1534.0,25.566666666666666,209
2,106,quarter,3,502c629b-4da7-40fd-92ab-20cb55411c35,59,10:24,Draymond Green defensive rebound,rebound,55,502c629b-4da7-40fd-92ab-20cb55411c35,basketball_play,1770351708,205,True,2026-02-06 04:21:48+00:00,3,624.0,1536.0,25.6,210
2,105,quarter,3,ace11dff-c5d1-4ab9-9452-5312253659fd,59,10:19,Royce O'Neale shooting foul (Draymond Green draws the foul),shootingfoul,55,502c629b-4da7-40fd-92ab-20cb55411c35,basketball_play,1770351716,204,True,2026-02-06 04:21:56+00:00,3,619.0,1541.0,25.683333333333334,211
2,104,quarter,3,502c629b-4da7-40fd-92ab-20cb55411c35,60,10:19,Draymond Green makes regular free throw 1 of 2,freethrowmade,55,502c629b-4da7-40fd-92ab-20cb55411c35,basketball_play,1770351744,203,True,2026-02-06 04:22:24+00:00,3,619.0,1541.0,25.683333333333334,212
2,103,quarter,3,502c629b-4da7-40fd-92ab-20cb55411c35,61,10:19,Draymond Green makes regular free throw 2 of 2,freethrowmade,55,ace11dff-c5d1-4ab9-9452-5312253659fd,basketball_play,1770351744,202,True,2026-02-06 04:22:24+00:00,3,619.0,1541.0,25.683333333333334,213
2,102,quarter,3,ace11dff-c5d1-4ab9-9452-5312253659fd,61,9:54,Dillon Brooks misses three point jump shot,threepointmiss,55,,basketball_play,1770351786,201,True,2026-02-06 04:23:06+00:00,3,594.0,1566.0,26.1,214
2,101,quarter,3,502c629b-4da7-40fd-92ab-20cb55411c35,61,9:52,Pat Spencer defensive rebound,rebound,55,502c629b-4da7-40fd-92ab-20cb55411c35,basketball_play,1770351789,200,True,2026-02-06 04:23:09+00:00,3,592.0,1568.0,26.133333333333333,215
2,100,quarter,3,502c629b-4da7-40fd-92ab-20cb55411c35,64,9:44,Pat Spencer makes three point pullup jump shot,threepointmade,55,ace11dff-c5d1-4ab9-9452-5312253659fd,basketball_play,1770351797,199,True,2026-02-06 04:23:17+00:00,3,584.0,1576.0,26.266666666666666,216
2,99,quarter,3,502c629b-4da7-40fd-92ab-20cb55411c35,64,9:28,Pat Spencer shooting foul (Dillon Brooks draws the foul),shootingfoul,55,ace11dff-c5d1-4ab9-9452-5312253659fd,basketball_play,1770351812,198,True,2026-02-06 04:23:32+00:00,3,568.0,1592.0,26.533333333333335,217
2,98,quarter,3,ace11dff-c5d1-4ab9-9452-5312253659fd,64,9:28,Dillon Brooks misses regular free throw 1 of 2,freethrowmiss,55,ace11dff-c5d1-4ab9-9452-5312253659fd,basketball_play,1770351839,197,True,2026-02-06 04:23:59+00:00,3,568.0,1592.0,26.533333333333335,218
2,97,quarter,3,ace11dff-c5d1-4ab9-9452-5312253659fd,64,9:28,Suns offensive rebound,rebound,55,ace11dff-c5d1-4ab9-9452-5312253659fd,basketball_play,1770351839,196,True,2026-02-06 04:23:59+00:00,3,568.0,1592.0,26.533333333333335,219
2,96,quarter,3,ace11dff-c5d1-4ab9-9452-5312253659fd,64,9:28,Dillon Brooks makes regular free throw 2 of 2,freethrowmade,56,502c629b-4da7-40fd-92ab-20cb55411c35,basketball_play,1770351853,195,True,2026-02-06 04:24:13+00:00,3,568.0,1592.0,26.533333333333335,220
2,95,quarter,3,502c629b-4da7-40fd-92ab-20cb55411c35,64,9:17,De'Anthony Melton misses three point pullup jump shot,threepointmiss,56,,basketball_play,1770351868,194,True,2026-02-06 04:24:28+00:00,3,557.0,1603.0,26.716666666666665,221
2,94,quarter,3,ace11dff-c5d1-4ab9-9452-5312253659fd,64,9:15,Dillon Brooks defensive rebound,rebound,56,ace11dff-c5d1-4ab9-9452-5312253659fd,basketball_play,1770351870,193,True,2026-02-06 04:24:30+00:00,3,555.0,1605.0,26.75,222
2,93,quarter,3,,64,9:07,Stoppage (Out of bounds),stoppage,56,,basketball_play,1770351880,192,True,2026-02-06 04:24:40+00:00,3,547.0,1613.0,26.883333333333333,223
2,92,quarter,3,,64,9:02,Stoppage (Out of bounds),stoppage,56,,basketball_play,1770351904,191,True,2026-02-06 04:25:04+00:00,3,542.0,1618.0,26.966666666666665,224
2,91,quarter,3,ace11dff-c5d1-4ab9-9452-5312253659fd,64,8:51,Dillon Brooks misses two point pullup jump shot,twopointmiss,56,,basketball_play,1770351931,190,True,2026-02-06 04:25:31+00:00,3,531.0,1629.0,27.15,225
2,90,quarter,3,502c629b-4da7-40fd-92ab-20cb55411c35,64,8:48,Draymond Green defensive rebound,rebound,56,502c629b-4da7-40fd-92ab-20cb55411c35,basketball_play,1770351934,189,True,2026-02-06 04:25:34+00:00,3,528.0,1632.0,27.2,226
2,89,quarter,3,ace11dff-c5d1-4ab9-9452-5312253659fd,64,8:41,Mark Williams shooting foul (Pat Spencer draws the foul),shootingfoul,56,502c629b-4da7-40fd-92ab-20cb55411c35,basketball_play,1770351943,188,True,2026-02-06 04:25:43+00:00,3,521.0,1639.0,27.316666666666666,227
2,88,quarter,3,502c629b-4da7-40fd-92ab-20cb55411c35,65,8:41,Pat Spencer makes regular free throw 1 of 2,freethrowmade,56,502c629b-4da7-40fd-92ab-20cb55411c35,basketball_play,1770351972,187,True,2026-02-06 04:26:12+00:00,3,521.0,1639.0,27.316666666666666,228
2,87,quarter,3,502c629b-4da7-40fd-92ab-20cb55411c35,66,8:41,Pat Spencer makes regular free throw 2 of 2,freethrowmade,56,ace11dff-c5d1-4ab9-9452-5312253659fd,basketball_play,1770351972,186,True,2026-02-06 04:26:12+00:00,3,521.0,1639.0,27.316666666666666,229
2,86,quarter,3,ace11dff-c5d1-4ab9-9452-5312253659fd,66,8:24,Grayson Allen turnover (bad pass) (Pat Spencer steals),turnover,56,502c629b-4da7-40fd-92ab-20cb55411c35,basketball_play,1770352012,185,True,2026-02-06 04:26:52+00:00,3,504.0,1656.0,27.6,230
2,85,quarter,3,502c629b-4da7-40fd-92ab-20cb55411c35,66,8:17,De'Anthony Melton misses three point running jump shot,threepointmiss,56,,basketball_play,1770352019,184,True,2026-02-06 04:26:59+00:00,3,497.0,1663.0,27.716666666666665,231
2,84,quarter,3,ace11dff-c5d1-4ab9-9452-5312253659fd,66,8:15,Grayson Allen defensive rebound,rebound,56,ace11dff-c5d1-4ab9-9452-5312253659fd,basketball_play,1770352021,183,True,2026-02-06 04:27:01+00:00,3,495.0,1665.0,27.75,232
2,83,quarter,3,ace11dff-c5d1-4ab9-9452-5312253659fd,66,8:09,Grayson Allen misses three point running jump shot,threepointmiss,56,,basketball_play,1770352027,182,True,2026-02-06 04:27:07+00:00,3,489.0,1671.0,27.85,233
2,82,quarter,3,ace11dff-c5d1-4ab9-9452-5312253659fd,66,8:06,Mark Williams offensive rebound,rebound,56,ace11dff-c5d1-4ab9-9452-5312253659fd,basketball_play,1770352034,181,True,2026-02-06 04:27:14+00:00,3,486.0,1674.0,27.9,234
2,81,quarter,3,,66,8:06,Stoppage (Out of bounds),stoppage,56,,basketball_play,1770352035,180,True,2026-02-06 04:27:15+00:00,3,486.0,1674.0,27.9,235
2,80,quarter,3,502c629b-4da7-40fd-92ab-20cb55411c35,66,8:06,"Warriors lineup change (Brandin Podziemski, Gui Santos, Draymond Green, Moses Moody, Pat Spencer)",lineupchange,56,,basketball_play,1770352054,179,True,2026-02-06 04:27:34+00:00,3,486.0,1674.0,27.9,236
2,79,quarter,3,ace11dff-c5d1-4ab9-9452-5312253659fd,66,8:04,Grayson Allen makes three point jump shot (Royce O'Neale assists),threepointmade,59,502c629b-4da7-40fd-92ab-20cb55411c35,basketball_play,1770352054,178,True,2026-02-06 04:27:34+00:00,3,484.0,1676.0,27.933333333333334,237
2,78,quarter,3,502c629b-4da7-40fd-92ab-20cb55411c35,66,7:43,Pat Spencer turnover (out of bounds lost ball),turnover,59,ace11dff-c5d1-4ab9-9452-5312253659fd,basketball_play,1770352079,177,True,2026-02-06 04:27:59+00:00,3,463.0,1697.0,28.283333333333335,238
2,77,quarter,3,,66,7:43,Stoppage (Out of bounds),stoppage,59,,basketball_play,1770352081,176,True,2026-02-06 04:28:01+00:00,3,463.0,1697.0,28.283333333333335,239
2,76,quarter,3,ace11dff-c5d1-4ab9-9452-5312253659fd,66,7:32,Royce O'Neale makes three point jump shot (Dillon Brooks assists),threepointmade,62,502c629b-4da7-40fd-92ab-20cb55411c35,basketball_play,1770352090,175,True,2026-02-06 04:28:10+00:00,3,452.0,1708.0,28.466666666666665,240
2,75,quarter,3,502c629b-4da7-40fd-92ab-20cb55411c35,66,7:31,Warriors 60 second timeout,teamtimeout,62,,basketball_play,1770352095,174,True,2026-02-06 04:28:15+00:00,3,451.0,1709.0,28.483333333333334,241
2,74,quarter,3,502c629b-4da7-40fd-92ab-20cb55411c35,66,7:31,"Warriors lineup change (Brandin Podziemski, Al Horford, Draymond Green, Moses Moody, Pat Spencer)",lineupchange,62,,basketball_play,1770352314,173,True,2026-02-06 04:31:54+00:00,3,451.0,1709.0,28.483333333333334,242
2,73,quarter,3,502c629b-4da7-40fd-92ab-20cb55411c35,66,7:20,Brandin Podziemski turnover (bad pass) (Grayson Allen steals),turnover,62,ace11dff-c5d1-4ab9-9452-5312253659fd,basketball_play,1770352314,172,True,2026-02-06 04:31:54+00:00,3,440.0,1720.0,28.666666666666668,243
2,72,quarter,3,ace11dff-c5d1-4ab9-9452-5312253659fd,66,7:13,Al Horford blocks Dillon Brooks's two point driving layup,twopointmiss,62,,basketball_play,1770352322,171,True,2026-02-06 04:32:02+00:00,3,433.0,1727.0,28.783333333333335,244
2,71,quarter,3,ace11dff-c5d1-4ab9-9452-5312253659fd,66,7:12,Suns offensive rebound,rebound,62,ace11dff-c5d1-4ab9-9452-5312253659fd,basketball_play,1770352323,170,True,2026-02-06 04:32:03+00:00,3,432.0,1728.0,28.8,245
2,70,quarter,3,ace11dff-c5d1-4ab9-9452-5312253659fd,66,7:01,Dillon Brooks misses two point fadeaway jump shot,twopointmiss,62,,basketball_play,1770352369,169,True,2026-02-06 04:32:49+00:00,3,421.0,1739.0,28.983333333333334,246
2,69,quarter,3,502c629b-4da7-40fd-92ab-20cb55411c35,66,6:59,Brandin Podziemski defensive rebound,rebound,62,502c629b-4da7-40fd-92ab-20cb55411c35,basketball_play,1770352371,168,True,2026-02-06 04:32:51+00:00,3,419.0,1741.0,29.016666666666666,247
2,68,quarter,3,502c629b-4da7-40fd-92ab-20cb55411c35,66,6:48,Pat Spencer turnover (bad pass) (Dillon Brooks steals),turnover,62,ace11dff-c5d1-4ab9-9452-5312253659fd,basketball_play,1770352382,167,True,2026-02-06 04:33:02+00:00,3,408.0,1752.0,29.2,248
2,67,quarter,3,ace11dff-c5d1-4ab9-9452-5312253659fd,66,6:45,Mark Williams makes two point running dunk (Royce O'Neale assists),twopointmade,64,502c629b-4da7-40fd-92ab-20cb55411c35,basketball_play,1770352385,166,True,2026-02-06 04:33:05+00:00,3,405.0,1755.0,29.25,249
2,66,quarter,3,502c629b-4da7-40fd-92ab-20cb55411c35,66,6:26,Moses Moody misses three point jump shot,threepointmiss,64,,basketball_play,1770352404,165,True,2026-02-06 04:33:24+00:00,3,386.0,1774.0,29.566666666666666,250
2,65,quarter,3,502c629b-4da7-40fd-92ab-20cb55411c35,66,6:24,Brandin Podziemski offensive rebound,rebound,64,502c629b-4da7-40fd-92ab-20cb55411c35,basketball_play,1770352406,164,True,2026-02-06 04:33:26+00:00,3,384.0,1776.0,29.6,251
2,64,quarter,3,502c629b-4da7-40fd-92ab-20cb55411c35,66,6:13,Moses Moody misses three point jump shot,threepointmiss,64,,basketball_play,1770352418,163,True,2026-02-06 04:33:38+00:00,3,373.0,1787.0,29.783333333333335,252
2,63,quarter,3,ace11dff-c5d1-4ab9-9452-5312253659fd,66,6:09,Royce O'Neale defensive rebound,rebound,64,ace11dff-c5d1-4ab9-9452-5312253659fd,basketball_play,1770352422,162,True,2026-02-06 04:33:42+00:00,3,369.0,1791.0,29.85,253
2,62,quarter,3,ace11dff-c5d1-4ab9-9452-5312253659fd,66,6:05,Grayson Allen misses two point running layup,twopointmiss,64,,basketball_play,1770352425,161,True,2026-02-06 04:33:45+00:00,3,365.0,1795.0,29.916666666666668,254
2,61,quarter,3,502c629b-4da7-40fd-92ab-20cb55411c35,66,6:03,Draymond Green defensive rebound,rebound,64,502c629b-4da7-40fd-92ab-20cb55411c35,basketball_play,1770352427,160,True,2026-02-06 04:33:47+00:00,3,363.0,1797.0,29.95,255
2,60,quarter,3,ace11dff-c5d1-4ab9-9452-5312253659fd,66,5:57,Mark Williams personal foul (Moses Moody draws the foul),personalfoul,64,502c629b-4da7-40fd-92ab-20cb55411c35,basketball_play,1770352438,159,True,2026-02-06 04:33:58+00:00,3,357.0,1803.0,30.05,256
2,59,quarter,3,502c629b-4da7-40fd-92ab-20cb55411c35,66,5:57,"Warriors lineup change (Brandin Podziemski, Al Horford, Draymond Green, Will Richard, Pat Spencer)",lineupchange,64,,basketball_play,1770352447,158,True,2026-02-06 04:34:07+00:00,3,357.0,1803.0,30.05,257
2,58,quarter,3,ace11dff-c5d1-4ab9-9452-5312253659fd,66,5:57,"Suns lineup change (Mark Williams, Royce O'Neale, Grayson Allen, Dillon Brooks, Jordan Goodwin)",lineupchange,64,,basketball_play,1770352447,157,True,2026-02-06 04:34:07+00:00,3,357.0,1803.0,30.05,258
2,57,quarter,3,ace11dff-c5d1-4ab9-9452-5312253659fd,66,5:51,Dillon Brooks shooting foul (Al Horford draws the foul),shootingfoul,64,502c629b-4da7-40fd-92ab-20cb55411c35,basketball_play,1770352474,156,True,2026-02-06 04:34:34+00:00,3,351.0,1809.0,30.15,259
2,56,quarter,3,502c629b-4da7-40fd-92ab-20cb55411c35,67,5:51,Al Horford makes regular free throw 1 of 2,freethrowmade,64,502c629b-4da7-40fd-92ab-20cb55411c35,basketball_play,1770352501,155,True,2026-02-06 04:35:01+00:00,3,351.0,1809.0,30.15,260
2,55,quarter,3,502c629b-4da7-40fd-92ab-20cb55411c35,67,5:51,"Warriors lineup change (Brandin Podziemski, Gui Santos, Al Horford, Will Richard, Gary Payton II)",lineupchange,64,,basketball_play,1770352502,154,True,2026-02-06 04:35:02+00:00,3,351.0,1809.0,30.15,261
2,54,quarter,3,502c629b-4da7-40fd-92ab-20cb55411c35,67,5:51,Al Horford misses regular free throw 2 of 2,freethrowmiss,64,,basketball_play,1770352501,153,True,2026-02-06 04:35:01+00:00,3,351.0,1809.0,30.15,262
2,53,quarter,3,ace11dff-c5d1-4ab9-9452-5312253659fd,67,5:48,Jordan Goodwin defensive rebound,rebound,64,ace11dff-c5d1-4ab9-9452-5312253659fd,basketball_play,1770352504,152,True,2026-02-06 04:35:04+00:00,3,348.0,1812.0,30.2,263
2,52,quarter,3,ace11dff-c5d1-4ab9-9452-5312253659fd,67,5:38,Royce O'Neale misses two point driving floating bank jump shot,twopointmiss,64,,basketball_play,1770352538,151,True,2026-02-06 04:35:38+00:00,3,338.0,1822.0,30.366666666666667,264
2,51,quarter,3,502c629b-4da7-40fd-92ab-20cb55411c35,67,5:36,Al Horford defensive rebound,rebound,64,502c629b-4da7-40fd-92ab-20cb55411c35,basketball_play,1770352540,150,True,2026-02-06 04:35:40+00:00,3,336.0,1824.0,30.4,265
2,50,quarter,3,502c629b-4da7-40fd-92ab-20cb55411c35,67,5:13,Al Horford misses three point jump shot,threepointmiss,64,,basketball_play,1770352563,149,True,2026-02-06 04:36:03+00:00,3,313.0,1847.0,30.783333333333335,266
2,49,quarter,3,ace11dff-c5d1-4ab9-9452-5312253659fd,67,5:09,Mark Williams defensive rebound,rebound,64,ace11dff-c5d1-4ab9-9452-5312253659fd,basketball_play,1770352567,148,True,2026-02-06 04:36:07+00:00,3,309.0,1851.0,30.85,267
2,48,quarter,3,ace11dff-c5d1-4ab9-9452-5312253659fd,67,5:00,Jordan Goodwin misses three point jump shot,threepointmiss,64,,basketball_play,1770352576,147,True,2026-02-06 04:36:16+00:00,3,300.0,1860.0,31.0,268
2,47,quarter,3,502c629b-4da7-40fd-92ab-20cb55411c35,67,4:58,Brandin Podziemski defensive rebound,rebound,64,502c629b-4da7-40fd-92ab-20cb55411c35,basketball_play,1770352578,146,True,2026-02-06 04:36:18+00:00,3,298.0,1862.0,31.033333333333335,269
2,46,quarter,3,502c629b-4da7-40fd-92ab-20cb55411c35,67,4:44,Gary Payton II misses three point jump shot,threepointmiss,64,,basketball_play,1770352592,145,True,2026-02-06 04:36:32+00:00,3,284.0,1876.0,31.266666666666666,270
2,45,quarter,3,502c629b-4da7-40fd-92ab-20cb55411c35,67,4:40,Will Richard offensive rebound,rebound,64,502c629b-4da7-40fd-92ab-20cb55411c35,basketball_play,1770352596,144,True,2026-02-06 04:36:36+00:00,3,280.0,1880.0,31.333333333333332,271
2,44,quarter,3,502c629b-4da7-40fd-92ab-20cb55411c35,69,4:35,Gary Payton II makes two point floating jump shot (Brandin Podziemski assists),twopointmade,64,ace11dff-c5d1-4ab9-9452-5312253659fd,basketball_play,1770352601,143,True,2026-02-06 04:36:41+00:00,3,275.0,1885.0,31.416666666666668,272
2,43,quarter,3,ace11dff-c5d1-4ab9-9452-5312253659fd,69,4:24,Grayson Allen makes three point pullup jump shot,threepointmade,67,502c629b-4da7-40fd-92ab-20cb55411c35,basketball_play,1770352612,142,True,2026-02-06 04:36:52+00:00,3,264.0,1896.0,31.6,273
2,42,quarter,3,502c629b-4da7-40fd-92ab-20cb55411c35,71,4:05,Gui Santos makes two point driving layup,twopointmade,67,ace11dff-c5d1-4ab9-9452-5312253659fd,basketball_play,1770352631,141,True,2026-02-06 04:37:11+00:00,3,245.0,1915.0,31.916666666666668,274
2,41,quarter,3,502c629b-4da7-40fd-92ab-20cb55411c35,71,3:55,Brandin Podziemski personal foul (Royce O'Neale draws the foul),personalfoul,67,ace11dff-c5d1-4ab9-9452-5312253659fd,basketball_play,1770352643,140,True,2026-02-06 04:37:23+00:00,3,235.0,1925.0,32.083333333333336,275
2,40,quarter,3,ace11dff-c5d1-4ab9-9452-5312253659fd,71,3:55,"Suns lineup change (Jamaree Bouyea, Grayson Allen, Oso Ighodaro, Dillon Brooks, Jordan Goodwin)",lineupchange,67,,basketball_play,1770352650,139,True,2026-02-06 04:37:30+00:00,3,235.0,1925.0,32.083333333333336,276
2,39,quarter,3,ace11dff-c5d1-4ab9-9452-5312253659fd,71,3:42,Dillon Brooks makes three point stepback jump shot,threepointmade,70,502c629b-4da7-40fd-92ab-20cb55411c35,basketball_play,1770352682,138,True,2026-02-06 04:38:02+00:00,3,222.0,1938.0,32.3,277
2,38,quarter,3,502c629b-4da7-40fd-92ab-20cb55411c35,71,3:24,Will Richard misses three point jump shot,threepointmiss,70,,basketball_play,1770352699,137,True,2026-02-06 04:38:19+00:00,3,204.0,1956.0,32.6,278
2,37,quarter,3,ace11dff-c5d1-4ab9-9452-5312253659fd,71,3:20,Oso Ighodaro defensive rebound,rebound,70,ace11dff-c5d1-4ab9-9452-5312253659fd,basketball_play,1770352703,136,True,2026-02-06 04:38:23+00:00,3,200.0,1960.0,32.666666666666664,279
2,36,quarter,3,ace11dff-c5d1-4ab9-9452-5312253659fd,71,3:08,Dillon Brooks makes two point driving floating bank jump shot (Grayson Allen assists),twopointmade,72,502c629b-4da7-40fd-92ab-20cb55411c35,basketball_play,1770352716,135,True,2026-02-06 04:38:36+00:00,3,188.0,1972.0,32.86666666666667,280
2,35,quarter,3,502c629b-4da7-40fd-92ab-20cb55411c35,71,2:41,Al Horford turnover (lost ball) (Oso Ighodaro steals),turnover,72,ace11dff-c5d1-4ab9-9452-5312253659fd,basketball_play,1770352729,134,True,2026-02-06 04:38:49+00:00,3,161.0,1999.0,33.31666666666667,281
2,34,quarter,3,ace11dff-c5d1-4ab9-9452-5312253659fd,71,2:35,Grayson Allen makes two point running layup,twopointmade,74,502c629b-4da7-40fd-92ab-20cb55411c35,basketball_play,1770352748,133,True,2026-02-06 04:39:08+00:00,3,155.0,2005.0,33.416666666666664,282
2,33,quarter,3,502c629b-4da7-40fd-92ab-20cb55411c35,71,2:15,Will Richard misses two point cutting layup,twopointmiss,74,,basketball_play,1770352769,132,True,2026-02-06 04:39:29+00:00,3,135.0,2025.0,33.75,283
2,32,quarter,3,502c629b-4da7-40fd-92ab-20cb55411c35,71,2:14,Will Richard offensive rebound,rebound,74,502c629b-4da7-40fd-92ab-20cb55411c35,basketball_play,1770352770,131,True,2026-02-06 04:39:30+00:00,3,134.0,2026.0,33.766666666666666,284
2,31,quarter,3,ace11dff-c5d1-4ab9-9452-5312253659fd,71,2:14,Grayson Allen shooting foul (Will Richard draws the foul),shootingfoul,74,502c629b-4da7-40fd-92ab-20cb55411c35,basketball_play,1770352772,130,True,2026-02-06 04:39:32+00:00,3,134.0,2026.0,33.766666666666666,285
2,30,quarter,3,ace11dff-c5d1-4ab9-9452-5312253659fd,71,2:14,Suns 60 second timeout,teamtimeout,74,,basketball_play,1770352791,129,True,2026-02-06 04:39:51+00:00,3,134.0,2026.0,33.766666666666666,286
2,29,quarter,3,502c629b-4da7-40fd-92ab-20cb55411c35,71,2:14,"Warriors lineup change (De'Anthony Melton, Gui Santos, Al Horford, Will Richard, Pat Spencer)",lineupchange,74,,basketball_play,1770352824,128,True,2026-02-06 04:40:24+00:00,3,134.0,2026.0,33.766666666666666,287
2,28,quarter,3,ace11dff-c5d1-4ab9-9452-5312253659fd,71,2:14,"Suns lineup change (Collin Gillespie, Jamaree Bouyea, Ryan Dunn, Oso Ighodaro, Jordan Goodwin)",lineupchange,74,,basketball_play,1770352824,127,True,2026-02-06 04:40:24+00:00,3,134.0,2026.0,33.766666666666666,288
2,27,quarter,3,502c629b-4da7-40fd-92ab-20cb55411c35,72,2:14,Will Richard makes regular free throw 1 of 2,freethrowmade,74,502c629b-4da7-40fd-92ab-20cb55411c35,basketball_play,1770352992,126,True,2026-02-06 04:43:12+00:00,3,134.0,2026.0,33.766666666666666,289
2,26,quarter,3,502c629b-4da7-40fd-92ab-20cb55411c35,73,2:14,Will Richard makes regular free throw 2 of 2,freethrowmade,74,ace11dff-c5d1-4ab9-9452-5312253659fd,basketball_play,1770353005,125,True,2026-02-06 04:43:25+00:00,3,134.0,2026.0,33.766666666666666,290
2,25,quarter,3,ace11dff-c5d1-4ab9-9452-5312253659fd,73,2:01,Ryan Dunn makes three point jump shot (Jamaree Bouyea assists),threepointmade,77,502c629b-4da7-40fd-92ab-20cb55411c35,basketball_play,1770353022,124,True,2026-02-06 04:43:42+00:00,3,121.0,2039.0,33.983333333333334,291
2,24,quarter,3,ace11dff-c5d1-4ab9-9452-5312253659fd,73,1:41,Jordan Goodwin shooting foul (De'Anthony Melton draws the foul),shootingfoul,77,502c629b-4da7-40fd-92ab-20cb55411c35,basketball_play,1770353046,123,True,2026-02-06 04:44:06+00:00,3,101.0,2059.0,34.31666666666667,292
2,23,quarter,3,502c629b-4da7-40fd-92ab-20cb55411c35,73,1:41,De'Anthony Melton misses regular free throw 1 of 2,freethrowmiss,77,502c629b-4da7-40fd-92ab-20cb55411c35,basketball_play,1770353073,122,True,2026-02-06 04:44:33+00:00,3,101.0,2059.0,34.31666666666667,293
2,22,quarter,3,502c629b-4da7-40fd-92ab-20cb55411c35,73,1:41,Warriors offensive rebound,rebound,77,502c629b-4da7-40fd-92ab-20cb55411c35,basketball_play,1770353073,121,True,2026-02-06 04:44:33+00:00,3,101.0,2059.0,34.31666666666667,294
2,21,quarter,3,502c629b-4da7-40fd-92ab-20cb55411c35,73,1:41,"Warriors lineup change (De'Anthony Melton, Al Horford, Draymond Green, Moses Moody, Pat Spencer)",lineupchange,77,,basketball_play,1770353075,120,True,2026-02-06 04:44:35+00:00,3,101.0,2059.0,34.31666666666667,295
2,20,quarter,3,502c629b-4da7-40fd-92ab-20cb55411c35,74,1:41,De'Anthony Melton makes regular free throw 2 of 2,freethrowmade,77,ace11dff-c5d1-4ab9-9452-5312253659fd,basketball_play,1770353094,119,True,2026-02-06 04:44:54+00:00,3,101.0,2059.0,34.31666666666667,296
2,19,quarter,3,ace11dff-c5d1-4ab9-9452-5312253659fd,74,1:20,Jamaree Bouyea misses two point stepback jump shot,twopointmiss,77,,basketball_play,1770353117,118,True,2026-02-06 04:45:17+00:00,3,80.0,2080.0,34.666666666666664,297
2,18,quarter,3,502c629b-4da7-40fd-92ab-20cb55411c35,74,1:18,Moses Moody defensive rebound,rebound,77,502c629b-4da7-40fd-92ab-20cb55411c35,basketball_play,1770353119,117,True,2026-02-06 04:45:19+00:00,3,78.0,2082.0,34.7,298
2,17,quarter,3,502c629b-4da7-40fd-92ab-20cb55411c35,74,1:09,Pat Spencer misses two point driving layup,twopointmiss,77,,basketball_play,1770353128,116,True,2026-02-06 04:45:28+00:00,3,69.0,2091.0,34.85,299
2,16,quarter,3,ace11dff-c5d1-4ab9-9452-5312253659fd,74,1:06,Oso Ighodaro defensive rebound,rebound,77,ace11dff-c5d1-4ab9-9452-5312253659fd,basketball_play,1770353131,115,True,2026-02-06 04:45:31+00:00,3,66.0,2094.0,34.9,300
2,15,quarter,3,502c629b-4da7-40fd-92ab-20cb55411c35,74,1:05,De'Anthony Melton personal foul (Collin Gillespie draws the foul),personalfoul,77,ace11dff-c5d1-4ab9-9452-5312253659fd,basketball_play,1770353134,114,True,2026-02-06 04:45:34+00:00,3,65.0,2095.0,34.916666666666664,301
2,14,quarter,3,ace11dff-c5d1-4ab9-9452-5312253659fd,74,1:03,Collin Gillespie makes three point jump shot (Jordan Goodwin assists),threepointmade,80,502c629b-4da7-40fd-92ab-20cb55411c35,basketball_play,1770353157,113,True,2026-02-06 04:45:57+00:00,3,63.0,2097.0,34.95,302
2,13,quarter,3,502c629b-4da7-40fd-92ab-20cb55411c35,74,00:39.80,Pat Spencer turnover (bad pass) (Jamaree Bouyea steals),turnover,80,ace11dff-c5d1-4ab9-9452-5312253659fd,basketball_play,1770353183,112,True,2026-02-06 04:46:23+00:00,3,39.8,2120.2,35.336666666666666,303
2,12,quarter,3,ace11dff-c5d1-4ab9-9452-5312253659fd,74,00:35.60,Jordan Goodwin misses three point running jump shot,threepointmiss,80,,basketball_play,1770353187,111,True,2026-02-06 04:46:27+00:00,3,35.6,2124.4,35.406666666666666,304
2,11,quarter,3,502c629b-4da7-40fd-92ab-20cb55411c35,74,00:35.60,Moses Moody defensive rebound,rebound,80,502c629b-4da7-40fd-92ab-20cb55411c35,basketball_play,1770353187,110,True,2026-02-06 04:46:27+00:00,3,35.6,2124.4,35.406666666666666,305
2,10,quarter,3,ace11dff-c5d1-4ab9-9452-5312253659fd,74,00:21.60,Jordan Goodwin personal foul (De'Anthony Melton draws the foul),personalfoul,80,502c629b-4da7-40fd-92ab-20cb55411c35,basketball_play,1770353212,109,True,2026-02-06 04:46:52+00:00,3,21.6,2138.4,35.64,306
2,9,quarter,3,502c629b-4da7-40fd-92ab-20cb55411c35,75,00:21.60,De'Anthony Melton makes regular free throw 1 of 2,freethrowmade,80,502c629b-4da7-40fd-92ab-20cb55411c35,basketball_play,1770353237,108,True,2026-02-06 04:47:17+00:00,3,21.6,2138.4,35.64,307
2,8,quarter,3,502c629b-4da7-40fd-92ab-20cb55411c35,75,00:21.60,"Warriors lineup change (De'Anthony Melton, Al Horford, Draymond Green, Moses Moody, Gary Payton II)",lineupchange,80,,basketball_play,1770353238,107,True,2026-02-06 04:47:18+00:00,3,21.6,2138.4,35.64,308
2,7,quarter,3,ace11dff-c5d1-4ab9-9452-5312253659fd,75,00:21.60,"Suns lineup change (Collin Gillespie, Royce O'Neale, Jamaree Bouyea, Grayson Allen, Jordan Goodwin)",lineupchange,80,,basketball_play,1770353238,106,True,2026-02-06 04:47:18+00:00,3,21.6,2138.4,35.64,309
2,6,quarter,3,502c629b-4da7-40fd-92ab-20cb55411c35,75,00:21.60,"Warriors lineup change (De'Anthony Melton, Gui Santos, Draymond Green, Moses Moody, Gary Payton II)",lineupchange,80,,basketball_play,1770353274,105,True,2026-02-06 04:47:54+00:00,3,21.6,2138.4,35.64,310
2,5,quarter,3,502c629b-4da7-40fd-92ab-20cb55411c35,76,00:21.60,De'Anthony Melton makes regular free throw 2 of 2,freethrowmade,80,ace11dff-c5d1-4ab9-9452-5312253659fd,basketball_play,1770353274,104,True,2026-02-06 04:47:54+00:00,3,21.6,2138.4,35.64,311
2,4,quarter,3,ace11dff-c5d1-4ab9-9452-5312253659fd,76,00:01.40,Collin Gillespie makes two point turnaround fadeaway jump shot,twopointmade,82,502c629b-4da7-40fd-92ab-20cb55411c35,basketball_play,1770353296,103,True,2026-02-06 04:48:16+00:00,3,1.4,2158.6,35.97666666666667,312
2,3,quarter,3,502c629b-4da7-40fd-92ab-20cb55411c35,76,00:00.30,Warriors misses heave shot,heave,82,,basketball_play,1770353301,102,True,2026-02-06 04:48:21+00:00,3,0.3,2159.7,35.995,313
2,2,quarter,3,502c629b-4da7-40fd-92ab-20cb55411c35,76,00:00.10,Warriors offensive rebound,rebound,82,502c629b-4da7-40fd-92ab-20cb55411c35,basketball_play,1770353301,101,True,2026-02-06 04:48:21+00:00,3,0.1,2159.9,35.998333333333335,314
2,1,quarter,3,,76,00:00,End of 3rd Quarter.,endperiod,82,,basketball_play,1770353308,100,True,2026-02-06 04:48:28+00:00,3,0.0,2160.0,36.0,315
1,100,quarter,4,502c629b-4da7-40fd-92ab-20cb55411c35,76,12:00,"Warriors lineup change (Brandin Podziemski, Gui Santos, Draymond Green, Moses Moody, Pat Spencer)",lineupchange,82,,basketball_play,1770353483,99,True,2026-02-06 04:51:23+00:00,4,720.0,2160.0,36.0,316
1,99,quarter,4,ace11dff-c5d1-4ab9-9452-5312253659fd,76,12:00,"Suns lineup change (Collin Gillespie, Jamaree Bouyea, Ryan Dunn, Oso Ighodaro, Jordan Goodwin)",lineupchange,82,,basketball_play,1770353483,98,True,2026-02-06 04:51:23+00:00,4,720.0,2160.0,36.0,317
1,98,quarter,4,,76,12:00,Start of 4th Quarter,startperiod,82,,basketball_play,1770353522,97,True,2026-02-06 04:52:02+00:00,4,720.0,2160.0,36.0,318
1,97,quarter,4,ace11dff-c5d1-4ab9-9452-5312253659fd,76,11:38,Jamaree Bouyea makes two point stepback jump shot (Collin Gillespie assists),twopointmade,84,502c629b-4da7-40fd-92ab-20cb55411c35,basketball_play,1770353544,96,True,2026-02-06 04:52:24+00:00,4,698.0,2182.0,36.36666666666667,319
1,96,quarter,4,502c629b-4da7-40fd-92ab-20cb55411c35,76,11:09,Pat Spencer misses three point pullup jump shot,threepointmiss,84,,basketball_play,1770353573,95,True,2026-02-06 04:52:53+00:00,4,669.0,2211.0,36.85,320
1,95,quarter,4,ace11dff-c5d1-4ab9-9452-5312253659fd,76,11:05,Collin Gillespie defensive rebound,rebound,84,ace11dff-c5d1-4ab9-9452-5312253659fd,basketball_play,1770353577,94,True,2026-02-06 04:52:57+00:00,4,665.0,2215.0,36.916666666666664,321
1,94,quarter,4,ace11dff-c5d1-4ab9-9452-5312253659fd,76,10:56,Collin Gillespie makes three point jump shot (Jamaree Bouyea assists),threepointmade,87,502c629b-4da7-40fd-92ab-20cb55411c35,basketball_play,1770353586,93,True,2026-02-06 04:53:06+00:00,4,656.0,2224.0,37.06666666666667,322
1,93,quarter,4,502c629b-4da7-40fd-92ab-20cb55411c35,76,10:37,Moses Moody turnover (lost ball) (Ryan Dunn steals),turnover,87,ace11dff-c5d1-4ab9-9452-5312253659fd,basketball_play,1770353606,92,True,2026-02-06 04:53:26+00:00,4,637.0,2243.0,37.38333333333333,323
1,92,quarter,4,502c629b-4da7-40fd-92ab-20cb55411c35,76,10:26,Gui Santos personal foul (Oso Ighodaro draws the foul),personalfoul,87,ace11dff-c5d1-4ab9-9452-5312253659fd,basketball_play,1770353618,91,True,2026-02-06 04:53:38+00:00,4,626.0,2254.0,37.56666666666667,324
1,91,quarter,4,ace11dff-c5d1-4ab9-9452-5312253659fd,76,10:11,Collin Gillespie makes three point jump shot (Jamaree Bouyea assists),threepointmade,90,502c629b-4da7-40fd-92ab-20cb55411c35,basketball_play,1770353662,90,True,2026-02-06 04:54:22+00:00,4,611.0,2269.0,37.81666666666667,325
1,90,quarter,4,502c629b-4da7-40fd-92ab-20cb55411c35,76,10:10,Warriors 60 second timeout,teamtimeout,90,,basketball_play,1770353670,89,True,2026-02-06 04:54:30+00:00,4,610.0,2270.0,37.833333333333336,326
1,89,quarter,4,502c629b-4da7-40fd-92ab-20cb55411c35,76,10:10,"Warriors lineup change (De'Anthony Melton, Gui Santos, Draymond Green, Will Richard, Pat Spencer)",lineupchange,90,,basketball_play,1770353785,88,True,2026-02-06 04:56:25+00:00,4,610.0,2270.0,37.833333333333336,327
1,88,quarter,4,502c629b-4da7-40fd-92ab-20cb55411c35,76,9:46,De'Anthony Melton turnover (bad pass) (Jordan Goodwin steals),turnover,90,ace11dff-c5d1-4ab9-9452-5312253659fd,basketball_play,1770353901,87,True,2026-02-06 04:58:21+00:00,4,586.0,2294.0,38.233333333333334,328
1,87,quarter,4,ace11dff-c5d1-4ab9-9452-5312253659fd,76,9:29,Ryan Dunn misses three point jump shot,threepointmiss,90,,basketball_play,1770353918,86,True,2026-02-06 04:58:38+00:00,4,569.0,2311.0,38.516666666666666,329
1,86,quarter,4,502c629b-4da7-40fd-92ab-20cb55411c35,76,9:26,Pat Spencer defensive rebound,rebound,90,502c629b-4da7-40fd-92ab-20cb55411c35,basketball_play,1770353921,85,True,2026-02-06 04:58:41+00:00,4,566.0,2314.0,38.56666666666667,330
1,85,quarter,4,502c629b-4da7-40fd-92ab-20cb55411c35,79,9:16,Will Richard makes three point jump shot (Pat Spencer assists),threepointmade,90,ace11dff-c5d1-4ab9-9452-5312253659fd,basketball_play,1770353931,84,True,2026-02-06 04:58:51+00:00,4,556.0,2324.0,38.733333333333334,331
1,84,quarter,4,ace11dff-c5d1-4ab9-9452-5312253659fd,79,8:57,Oso Ighodaro makes two point cutting dunk (Jordan Goodwin assists),twopointmade,92,502c629b-4da7-40fd-92ab-20cb55411c35,basketball_play,1770353950,83,True,2026-02-06 04:59:10+00:00,4,537.0,2343.0,39.05,332
1,83,quarter,4,502c629b-4da7-40fd-92ab-20cb55411c35,82,8:37,Draymond Green makes three point jump shot (Pat Spencer assists),threepointmade,92,ace11dff-c5d1-4ab9-9452-5312253659fd,basketball_play,1770353969,82,True,2026-02-06 04:59:29+00:00,4,517.0,2363.0,39.38333333333333,333
1,82,quarter,4,ace11dff-c5d1-4ab9-9452-5312253659fd,82,8:23,Collin Gillespie misses three point jump shot,threepointmiss,92,,basketball_play,1770353984,81,True,2026-02-06 04:59:44+00:00,4,503.0,2377.0,39.61666666666667,334
1,81,quarter,4,502c629b-4da7-40fd-92ab-20cb55411c35,82,8:20,Gui Santos defensive rebound,rebound,92,502c629b-4da7-40fd-92ab-20cb55411c35,basketball_play,1770353987,80,True,2026-02-06 04:59:47+00:00,4,500.0,2380.0,39.666666666666664,335
1,80,quarter,4,ace11dff-c5d1-4ab9-9452-5312253659fd,82,8:14,Jamaree Bouyea shooting foul (Gui Santos draws the foul),shootingfoul,92,502c629b-4da7-40fd-92ab-20cb55411c35,basketball_play,1770353995,79,True,2026-02-06 04:59:55+00:00,4,494.0,2386.0,39.766666666666666,336
1,79,quarter,4,502c629b-4da7-40fd-92ab-20cb55411c35,83,8:14,Gui Santos makes regular free throw 1 of 2,freethrowmade,92,502c629b-4da7-40fd-92ab-20cb55411c35,basketball_play,1770354026,78,True,2026-02-06 05:00:26+00:00,4,494.0,2386.0,39.766666666666666,337
1,78,quarter,4,ace11dff-c5d1-4ab9-9452-5312253659fd,83,8:14,"Suns lineup change (Jamaree Bouyea, Grayson Allen, Oso Ighodaro, Dillon Brooks, Jordan Goodwin)",lineupchange,92,,basketball_play,1770354026,77,True,2026-02-06 05:00:26+00:00,4,494.0,2386.0,39.766666666666666,338
1,77,quarter,4,502c629b-4da7-40fd-92ab-20cb55411c35,84,8:14,Gui Santos makes regular free throw 2 of 2,freethrowmade,92,ace11dff-c5d1-4ab9-9452-5312253659fd,basketball_play,1770354048,76,True,2026-02-06 05:00:48+00:00,4,494.0,2386.0,39.766666666666666,339
1,76,quarter,4,ace11dff-c5d1-4ab9-9452-5312253659fd,84,7:58,Grayson Allen turnover (bad pass) (Pat Spencer steals),turnover,92,502c629b-4da7-40fd-92ab-20cb55411c35,basketball_play,1770354066,75,True,2026-02-06 05:01:06+00:00,4,478.0,2402.0,40.03333333333333,340
1,75,quarter,4,502c629b-4da7-40fd-92ab-20cb55411c35,84,7:42,De'Anthony Melton misses three point jump shot,threepointmiss,92,,basketball_play,1770354082,74,True,2026-02-06 05:01:22+00:00,4,462.0,2418.0,40.3,341
1,74,quarter,4,ace11dff-c5d1-4ab9-9452-5312253659fd,84,7:38,Grayson Allen defensive rebound,rebound,92,ace11dff-c5d1-4ab9-9452-5312253659fd,basketball_play,1770354086,73,True,2026-02-06 05:01:26+00:00,4,458.0,2422.0,40.36666666666667,342
1,73,quarter,4,ace11dff-c5d1-4ab9-9452-5312253659fd,84,7:20,Dillon Brooks makes three point stepback jump shot,threepointmade,95,502c629b-4da7-40fd-92ab-20cb55411c35,basketball_play,1770354103,72,True,2026-02-06 05:01:43+00:00,4,440.0,2440.0,40.666666666666664,343
1,72,quarter,4,ace11dff-c5d1-4ab9-9452-5312253659fd,84,7:04,Jordan Goodwin shooting foul (Gui Santos draws the foul),shootingfoul,95,502c629b-4da7-40fd-92ab-20cb55411c35,basketball_play,1770354126,71,True,2026-02-06 05:02:06+00:00,4,424.0,2456.0,40.93333333333333,344
1,71,quarter,4,502c629b-4da7-40fd-92ab-20cb55411c35,84,7:04,Gui Santos misses regular free throw 1 of 3,freethrowmiss,95,502c629b-4da7-40fd-92ab-20cb55411c35,basketball_play,1770354154,70,True,2026-02-06 05:02:34+00:00,4,424.0,2456.0,40.93333333333333,345
1,70,quarter,4,502c629b-4da7-40fd-92ab-20cb55411c35,84,7:04,Warriors offensive rebound,rebound,95,502c629b-4da7-40fd-92ab-20cb55411c35,basketball_play,1770354154,69,True,2026-02-06 05:02:34+00:00,4,424.0,2456.0,40.93333333333333,346
1,69,quarter,4,502c629b-4da7-40fd-92ab-20cb55411c35,85,7:04,Gui Santos makes regular free throw 2 of 3,freethrowmade,95,502c629b-4da7-40fd-92ab-20cb55411c35,basketball_play,1770354154,68,True,2026-02-06 05:02:34+00:00,4,424.0,2456.0,40.93333333333333,347
1,68,quarter,4,502c629b-4da7-40fd-92ab-20cb55411c35,85,7:04,"Warriors lineup change (De'Anthony Melton, Gui Santos, Al Horford, Will Richard, Gary Payton II)",lineupchange,95,,basketball_play,1770354175,67,True,2026-02-06 05:02:55+00:00,4,424.0,2456.0,40.93333333333333,348
1,67,quarter,4,502c629b-4da7-40fd-92ab-20cb55411c35,85,7:04,Gui Santos misses regular free throw 3 of 3,freethrowmiss,95,,basketball_play,1770354154,66,True,2026-02-06 05:02:34+00:00,4,424.0,2456.0,40.93333333333333,349
1,66,quarter,4,ace11dff-c5d1-4ab9-9452-5312253659fd,85,7:03,Jamaree Bouyea defensive rebound,rebound,95,ace11dff-c5d1-4ab9-9452-5312253659fd,basketball_play,1770354155,65,True,2026-02-06 05:02:35+00:00,4,423.0,2457.0,40.95,350
1,65,quarter,4,ace11dff-c5d1-4ab9-9452-5312253659fd,85,6:41,Oso Ighodaro turnover (out of bounds bad pass),turnover,95,502c629b-4da7-40fd-92ab-20cb55411c35,basketball_play,1770354218,64,True,2026-02-06 05:03:38+00:00,4,401.0,2479.0,41.31666666666667,351
1,64,quarter,4,502c629b-4da7-40fd-92ab-20cb55411c35,85,6:33,Gui Santos turnover (bad pass) (Jamaree Bouyea steals),turnover,95,ace11dff-c5d1-4ab9-9452-5312253659fd,basketball_play,1770354235,63,True,2026-02-06 05:03:55+00:00,4,393.0,2487.0,41.45,352
1,63,quarter,4,ace11dff-c5d1-4ab9-9452-5312253659fd,85,6:26,Gary Payton II blocks Grayson Allen's three point jump shot,threepointmiss,95,,basketball_play,1770354242,62,True,2026-02-06 05:04:02+00:00,4,386.0,2494.0,41.56666666666667,353
1,62,quarter,4,502c629b-4da7-40fd-92ab-20cb55411c35,85,6:24,Gui Santos defensive rebound,rebound,95,502c629b-4da7-40fd-92ab-20cb55411c35,basketball_play,1770354244,61,True,2026-02-06 05:04:04+00:00,4,384.0,2496.0,41.6,354
1,61,quarter,4,502c629b-4da7-40fd-92ab-20cb55411c35,85,6:21,Gui Santos turnover (bad pass) (Oso Ighodaro steals),turnover,95,ace11dff-c5d1-4ab9-9452-5312253659fd,basketball_play,1770354251,60,True,2026-02-06 05:04:11+00:00,4,381.0,2499.0,41.65,355
1,60,quarter,4,ace11dff-c5d1-4ab9-9452-5312253659fd,85,6:15,Dillon Brooks misses two point driving floating bank jump shot,twopointmiss,95,,basketball_play,1770354255,59,True,2026-02-06 05:04:15+00:00,4,375.0,2505.0,41.75,356
1,59,quarter,4,502c629b-4da7-40fd-92ab-20cb55411c35,85,6:13,De'Anthony Melton defensive rebound,rebound,95,502c629b-4da7-40fd-92ab-20cb55411c35,basketball_play,1770354257,58,True,2026-02-06 05:04:17+00:00,4,373.0,2507.0,41.78333333333333,357
1,58,quarter,4,ace11dff-c5d1-4ab9-9452-5312253659fd,85,6:08,Dillon Brooks personal foul (De'Anthony Melton draws the foul),personalfoul,95,502c629b-4da7-40fd-92ab-20cb55411c35,basketball_play,1770354267,57,True,2026-02-06 05:04:27+00:00,4,368.0,2512.0,41.86666666666667,358
1,57,quarter,4,502c629b-4da7-40fd-92ab-20cb55411c35,85,5:52,Gary Payton II misses two point floating jump shot,twopointmiss,95,,basketball_play,1770354303,56,True,2026-02-06 05:05:03+00:00,4,352.0,2528.0,42.13333333333333,359
1,56,quarter,4,502c629b-4da7-40fd-92ab-20cb55411c35,85,5:49,Gary Payton II offensive rebound,rebound,95,502c629b-4da7-40fd-92ab-20cb55411c35,basketball_play,1770354306,55,True,2026-02-06 05:05:06+00:00,4,349.0,2531.0,42.18333333333333,360
1,55,quarter,4,502c629b-4da7-40fd-92ab-20cb55411c35,85,5:48,Will Richard misses three point jump shot,threepointmiss,95,,basketball_play,1770354307,54,True,2026-02-06 05:05:07+00:00,4,348.0,2532.0,42.2,361
1,54,quarter,4,ace11dff-c5d1-4ab9-9452-5312253659fd,85,5:45,Dillon Brooks defensive rebound,rebound,95,ace11dff-c5d1-4ab9-9452-5312253659fd,basketball_play,1770354310,53,True,2026-02-06 05:05:10+00:00,4,345.0,2535.0,42.25,362
1,53,quarter,4,ace11dff-c5d1-4ab9-9452-5312253659fd,85,5:40,Jordan Goodwin misses three point running jump shot,threepointmiss,95,,basketball_play,1770354314,52,True,2026-02-06 05:05:14+00:00,4,340.0,2540.0,42.333333333333336,363
1,52,quarter,4,502c629b-4da7-40fd-92ab-20cb55411c35,85,5:37,Al Horford defensive rebound,rebound,95,502c629b-4da7-40fd-92ab-20cb55411c35,basketball_play,1770354317,51,True,2026-02-06 05:05:17+00:00,4,337.0,2543.0,42.38333333333333,364
1,51,quarter,4,502c629b-4da7-40fd-92ab-20cb55411c35,85,5:35,De'Anthony Melton misses three point running pullup jump shot,threepointmiss,95,,basketball_play,1770354320,50,True,2026-02-06 05:05:20+00:00,4,335.0,2545.0,42.416666666666664,365
1,50,quarter,4,502c629b-4da7-40fd-92ab-20cb55411c35,85,5:32,Gary Payton II offensive rebound,rebound,95,502c629b-4da7-40fd-92ab-20cb55411c35,basketball_play,1770354323,49,True,2026-02-06 05:05:23+00:00,4,332.0,2548.0,42.46666666666667,366
1,49,quarter,4,502c629b-4da7-40fd-92ab-20cb55411c35,88,5:23,Gary Payton II makes three point jump shot (Al Horford assists),threepointmade,95,ace11dff-c5d1-4ab9-9452-5312253659fd,basketball_play,1770354331,48,True,2026-02-06 05:05:31+00:00,4,323.0,2557.0,42.61666666666667,367
1,48,quarter,4,ace11dff-c5d1-4ab9-9452-5312253659fd,88,5:21,Suns 60 second timeout,teamtimeout,95,,basketball_play,1770354339,47,True,2026-02-06 05:05:39+00:00,4,321.0,2559.0,42.65,368
1,47,quarter,4,502c629b-4da7-40fd-92ab-20cb55411c35,88,5:21,"Warriors lineup change (Al Horford, Will Richard, Moses Moody, Gary Payton II, Pat Spencer)",lineupchange,95,,basketball_play,1770354484,46,True,2026-02-06 05:08:04+00:00,4,321.0,2559.0,42.65,369
1,46,quarter,4,ace11dff-c5d1-4ab9-9452-5312253659fd,88,5:21,"Suns lineup change (Collin Gillespie, Royce O'Neale, Grayson Allen, Oso Ighodaro, Dillon Brooks)",lineupchange,95,,basketball_play,1770354484,45,True,2026-02-06 05:08:04+00:00,4,321.0,2559.0,42.65,370
1,45,quarter,4,ace11dff-c5d1-4ab9-9452-5312253659fd,88,5:03,Grayson Allen misses three point stepback jump shot,threepointmiss,95,,basketball_play,1770354561,44,True,2026-02-06 05:09:21+00:00,4,303.0,2577.0,42.95,371
1,44,quarter,4,502c629b-4da7-40fd-92ab-20cb55411c35,88,5:00,Moses Moody defensive rebound,rebound,95,502c629b-4da7-40fd-92ab-20cb55411c35,basketball_play,1770354564,43,True,2026-02-06 05:09:24+00:00,4,300.0,2580.0,43.0,372
1,43,quarter,4,502c629b-4da7-40fd-92ab-20cb55411c35,88,4:42,Al Horford misses two point turnaround hook shot,twopointmiss,95,,basketball_play,1770354582,42,True,2026-02-06 05:09:42+00:00,4,282.0,2598.0,43.3,373
1,42,quarter,4,502c629b-4da7-40fd-92ab-20cb55411c35,88,4:41,Gary Payton II offensive rebound,rebound,95,502c629b-4da7-40fd-92ab-20cb55411c35,basketball_play,1770354583,41,True,2026-02-06 05:09:43+00:00,4,281.0,2599.0,43.31666666666667,374
1,41,quarter,4,502c629b-4da7-40fd-92ab-20cb55411c35,88,4:41,Gary Payton II misses two point tip layup,twopointmiss,95,,basketball_play,1770354587,40,True,2026-02-06 05:09:47+00:00,4,281.0,2599.0,43.31666666666667,375
1,40,quarter,4,ace11dff-c5d1-4ab9-9452-5312253659fd,88,4:39,Suns defensive rebound,rebound,95,ace11dff-c5d1-4ab9-9452-5312253659fd,basketball_play,1770354589,39,True,2026-02-06 05:09:49+00:00,4,279.0,2601.0,43.35,376
1,39,quarter,4,,88,4:39,Stoppage (Out of bounds),stoppage,95,,basketball_play,1770354593,38,True,2026-02-06 05:09:53+00:00,4,279.0,2601.0,43.35,377
1,38,quarter,4,ace11dff-c5d1-4ab9-9452-5312253659fd,88,4:39,Suns challenge timeout,challengetimeout,95,,basketball_play,1770354601,37,True,2026-02-06 05:10:01+00:00,4,279.0,2601.0,43.35,378
1,37,quarter,4,,88,4:39,Instant replay (Challenge: Ruling Overturned),review,95,,basketball_play,1770354603,36,True,2026-02-06 05:10:03+00:00,4,279.0,2601.0,43.35,379
1,36,quarter,4,ace11dff-c5d1-4ab9-9452-5312253659fd,88,4:26,Grayson Allen misses three point jump shot,threepointmiss,95,,basketball_play,1770354740,35,True,2026-02-06 05:12:20+00:00,4,266.0,2614.0,43.56666666666667,380
1,35,quarter,4,502c629b-4da7-40fd-92ab-20cb55411c35,88,4:24,Gary Payton II defensive rebound,rebound,95,502c629b-4da7-40fd-92ab-20cb55411c35,basketball_play,1770354742,34,True,2026-02-06 05:12:22+00:00,4,264.0,2616.0,43.6,381
1,34,quarter,4,502c629b-4da7-40fd-92ab-20cb55411c35,91,4:17,Al Horford makes three point running jump shot (Pat Spencer assists),threepointmade,95,ace11dff-c5d1-4ab9-9452-5312253659fd,basketball_play,1770354748,33,True,2026-02-06 05:12:28+00:00,4,257.0,2623.0,43.71666666666667,382
1,33,quarter,4,ace11dff-c5d1-4ab9-9452-5312253659fd,91,3:55,Oso Ighodaro makes two point cutting dunk (Grayson Allen assists),twopointmade,97,502c629b-4da7-40fd-92ab-20cb55411c35,basketball_play,1770354771,32,True,2026-02-06 05:12:51+00:00,4,235.0,2645.0,44.083333333333336,383
1,32,quarter,4,502c629b-4da7-40fd-92ab-20cb55411c35,91,3:43,Pat Spencer offensive foul (Collin Gillespie draws the foul),offensivefoul,97,ace11dff-c5d1-4ab9-9452-5312253659fd,basketball_play,1770354785,31,True,2026-02-06 05:13:05+00:00,4,223.0,2657.0,44.28333333333333,384
1,31,quarter,4,502c629b-4da7-40fd-92ab-20cb55411c35,91,3:43,Pat Spencer turnover (offensive foul),turnover,97,ace11dff-c5d1-4ab9-9452-5312253659fd,basketball_play,1770354785,30,True,2026-02-06 05:13:05+00:00,4,223.0,2657.0,44.28333333333333,385
1,30,quarter,4,ace11dff-c5d1-4ab9-9452-5312253659fd,91,3:25,Dillon Brooks misses two point fadeaway jump shot,twopointmiss,97,,basketball_play,1770354825,29,True,2026-02-06 05:13:45+00:00,4,205.0,2675.0,44.583333333333336,386
1,29,quarter,4,502c629b-4da7-40fd-92ab-20cb55411c35,91,3:22,Pat Spencer defensive rebound,rebound,97,502c629b-4da7-40fd-92ab-20cb55411c35,basketball_play,1770354828,28,True,2026-02-06 05:13:48+00:00,4,202.0,2678.0,44.63333333333333,387
1,28,quarter,4,ace11dff-c5d1-4ab9-9452-5312253659fd,91,3:03,Oso Ighodaro shooting foul (Al Horford draws the foul),shootingfoul,97,502c629b-4da7-40fd-92ab-20cb55411c35,basketball_play,1770354849,27,True,2026-02-06 05:14:09+00:00,4,183.0,2697.0,44.95,388
1,27,quarter,4,502c629b-4da7-40fd-92ab-20cb55411c35,92,3:03,Al Horford makes regular free throw 1 of 2,freethrowmade,97,502c629b-4da7-40fd-92ab-20cb55411c35,basketball_play,1770354879,26,True,2026-02-06 05:14:39+00:00,4,183.0,2697.0,44.95,389
1,26,quarter,4,502c629b-4da7-40fd-92ab-20cb55411c35,92,3:03,"Warriors lineup change (Gui Santos, Al Horford, Moses Moody, Gary Payton II, Pat Spencer)",lineupchange,97,,basketball_play,1770354881,25,True,2026-02-06 05:14:41+00:00,4,183.0,2697.0,44.95,390
1,25,quarter,4,ace11dff-c5d1-4ab9-9452-5312253659fd,92,3:03,"Suns lineup change (Collin Gillespie, Royce O'Neale, Oso Ighodaro, Dillon Brooks, Jordan Goodwin)",lineupchange,97,,basketball_play,1770354881,24,True,2026-02-06 05:14:41+00:00,4,183.0,2697.0,44.95,391
1,24,quarter,4,502c629b-4da7-40fd-92ab-20cb55411c35,93,3:03,Al Horford makes regular free throw 2 of 2,freethrowmade,97,ace11dff-c5d1-4ab9-9452-5312253659fd,basketball_play,1770354904,23,True,2026-02-06 05:15:04+00:00,4,183.0,2697.0,44.95,392
1,23,quarter,4,502c629b-4da7-40fd-92ab-20cb55411c35,93,2:54,Gary Payton II personal foul (Collin Gillespie draws the foul),personalfoul,97,ace11dff-c5d1-4ab9-9452-5312253659fd,basketball_play,1770354917,22,True,2026-02-06 05:15:17+00:00,4,174.0,2706.0,45.1,393
1,22,quarter,4,502c629b-4da7-40fd-92ab-20cb55411c35,93,2:54,"Warriors lineup change (De'Anthony Melton, Gui Santos, Al Horford, Moses Moody, Pat Spencer)",lineupchange,97,,basketball_play,1770354962,21,True,2026-02-06 05:16:02+00:00,4,174.0,2706.0,45.1,394
1,21,quarter,4,ace11dff-c5d1-4ab9-9452-5312253659fd,93,2:39,Dillon Brooks misses two point pullup jump shot,twopointmiss,97,,basketball_play,1770354962,20,True,2026-02-06 05:16:02+00:00,4,159.0,2721.0,45.35,395
1,20,quarter,4,502c629b-4da7-40fd-92ab-20cb55411c35,93,2:36,Moses Moody defensive rebound,rebound,97,502c629b-4da7-40fd-92ab-20cb55411c35,basketball_play,1770354965,19,True,2026-02-06 05:16:05+00:00,4,156.0,2724.0,45.4,396
1,19,quarter,4,502c629b-4da7-40fd-92ab-20cb55411c35,95,2:18,Al Horford makes two point driving hook shot,twopointmade,97,ace11dff-c5d1-4ab9-9452-5312253659fd,basketball_play,1770354984,18,True,2026-02-06 05:16:24+00:00,4,138.0,2742.0,45.7,397
1,18,quarter,4,ace11dff-c5d1-4ab9-9452-5312253659fd,95,2:04,Collin Gillespie misses three point pullup jump shot,threepointmiss,97,,basketball_play,1770354996,17,True,2026-02-06 05:16:36+00:00,4,124.0,2756.0,45.93333333333333,398
1,17,quarter,4,502c629b-4da7-40fd-92ab-20cb55411c35,95,2:00,Moses Moody defensive rebound,rebound,97,502c629b-4da7-40fd-92ab-20cb55411c35,basketball_play,1770355000,16,True,2026-02-06 05:16:40+00:00,4,120.0,2760.0,46.0,399
1,16,quarter,4,502c629b-4da7-40fd-92ab-20cb55411c35,95,1:49,Jump ball. De'Anthony Melton vs. Jordan Goodwin (Al Horford gains possession),jumpball,97,502c629b-4da7-40fd-92ab-20cb55411c35,basketball_play,1770355066,15,True,2026-02-06 05:17:46+00:00,4,109.0,2771.0,46.18333333333333,400
1,15,quarter,4,502c629b-4da7-40fd-92ab-20cb55411c35,95,1:39,Gui Santos turnover (bad pass) (Collin Gillespie steals),turnover,97,ace11dff-c5d1-4ab9-9452-5312253659fd,basketball_play,1770355073,14,True,2026-02-06 05:17:53+00:00,4,99.0,2781.0,46.35,401
1,14,quarter,4,ace11dff-c5d1-4ab9-9452-5312253659fd,95,1:17,Dillon Brooks misses two point jump shot,twopointmiss,97,,basketball_play,1770355095,13,True,2026-02-06 05:18:15+00:00,4,77.0,2803.0,46.71666666666667,402
1,13,quarter,4,502c629b-4da7-40fd-92ab-20cb55411c35,95,1:15,Pat Spencer defensive rebound,rebound,97,502c629b-4da7-40fd-92ab-20cb55411c35,basketball_play,1770355097,12,True,2026-02-06 05:18:17+00:00,4,75.0,2805.0,46.75,403
1,12,quarter,4,502c629b-4da7-40fd-92ab-20cb55411c35,95,1:05,Warriors 60 second timeout,teamtimeout,97,,basketball_play,1770355112,11,True,2026-02-06 05:18:32+00:00,4,65.0,2815.0,46.916666666666664,404
1,11,quarter,4,502c629b-4da7-40fd-92ab-20cb55411c35,97,00:55.80,De'Anthony Melton makes two point driving finger roll layup,twopointmade,97,ace11dff-c5d1-4ab9-9452-5312253659fd,basketball_play,1770355229,10,True,2026-02-06 05:20:29+00:00,4,55.8,2824.2,47.07,405
1,10,quarter,4,ace11dff-c5d1-4ab9-9452-5312253659fd,97,00:33.10,Moses Moody blocks Collin Gillespie's two point driving layup,twopointmiss,97,,basketball_play,1770355254,9,True,2026-02-06 05:20:54+00:00,4,33.1,2846.9,47.44833333333334,406
1,9,quarter,4,502c629b-4da7-40fd-92ab-20cb55411c35,97,00:30.60,Moses Moody defensive rebound,rebound,97,502c629b-4da7-40fd-92ab-20cb55411c35,basketball_play,1770355257,8,True,2026-02-06 05:20:57+00:00,4,30.6,2849.4,47.49,407
1,8,quarter,4,502c629b-4da7-40fd-92ab-20cb55411c35,99,00:28.70,Gui Santos makes two point running layup,twopointmade,97,ace11dff-c5d1-4ab9-9452-5312253659fd,basketball_play,1770355259,7,True,2026-02-06 05:20:59+00:00,4,28.7,2851.3,47.52166666666667,408
1,7,quarter,4,ace11dff-c5d1-4ab9-9452-5312253659fd,99,00:28.70,Suns 60 second timeout,teamtimeout,97,,basketball_play,1770355266,6,True,2026-02-06 05:21:06+00:00,4,28.7,2851.3,47.52166666666667,409
1,6,quarter,4,502c629b-4da7-40fd-92ab-20cb55411c35,99,00:28.70,"Warriors lineup change (De'Anthony Melton, Al Horford, Draymond Green, Moses Moody, Gary Payton II)",lineupchange,97,,basketball_play,1770355339,5,True,2026-02-06 05:22:19+00:00,4,28.7,2851.3,47.52166666666667,410
1,5,quarter,4,ace11dff-c5d1-4ab9-9452-5312253659fd,99,00:09.40,Dillon Brooks misses three point stepback jump shot,threepointmiss,97,,basketball_play,1770355393,4,True,2026-02-06 05:23:13+00:00,4,9.4,2870.6,47.843333333333334,411
1,4,quarter,4,502c629b-4da7-40fd-92ab-20cb55411c35,99,00:06.10,Gary Payton II defensive rebound,rebound,97,502c629b-4da7-40fd-92ab-20cb55411c35,basketball_play,1770355396,3,True,2026-02-06 05:23:16+00:00,4,6.1,2873.9,47.89833333333333,412
1,3,quarter,4,502c629b-4da7-40fd-92ab-20cb55411c35,101,00:00,De'Anthony Melton makes two point running layup (Moses Moody assists),twopointmade,97,ace11dff-c5d1-4ab9-9452-5312253659fd,basketball_play,1770355403,2,True,2026-02-06 05:23:23+00:00,4,0.0,2880.0,48.0,413
1,2,quarter,4,,101,00:00,Instant replay (Request: Stands),review,97,,basketball_play,1770355432,1,True,2026-02-06 05:23:52+00:00,4,0.0,2880.0,48.0,414
1,1,quarter,4,,101,00:00,End of 4th Quarter.,endperiod,97,,basketball_play,1770355420,0,True,2026-02-06 05:23:40+00:00,4,0.0,2880.0,48.0,415
